0,8.3051e-07,-0.0012708,0.858,-104
0,8.3521e-07,-0.0012735,0.963,-104
0,8.3904e-07,-0.0012754,1.07,-104
0,8.4275e-07,-0.0012766,1.174,-104
0,8.4638e-07,-0.001277,1.278,-104
0,8.4994e-07,-0.0012767,1.381,-104
0,8.5337e-07,-0.0012757,1.484,-104
0,8.5674e-07,-0.0012744,1.589,-104
0,8.6005e-07,-0.0012731,1.693,-104
0,8.6324e-07,-0.0012721,1.797,-104
0,8.6638e-07,-0.0012716,1.902,-104
0,8.695e-07,-0.0012715,2.012,-104
0,8.724e-07,-0.0012719,2.117,-104
0,8.7525e-07,-0.0012726,2.221,-104
0,8.7804e-07,-0.0012734,2.326,-104
0,8.8072e-07,-0.001274,2.433,-104
0,8.8344e-07,-0.0012745,2.537,-104
0,8.8601e-07,-0.0012747,2.642,-104
0,8.8848e-07,-0.0012747,2.744,-104
0,8.9091e-07,-0.0012743,2.846,-104
0,8.9325e-07,-0.0012739,2.948,-104
0,8.9552e-07,-0.0012735,3.052,-104
0,8.9774e-07,-0.0012731,3.155,-104
0,8.9989e-07,-0.0012729,3.26,-104
0,9.0202e-07,-0.0012728,3.364,-104
0,9.0408e-07,-0.0012729,3.466,-104
0,9.0609e-07,-0.0012732,3.568,-104
0,9.08e-07,-0.0012734,3.671,-104
0,9.0987e-07,-0.0012737,3.774,-104
0,9.1169e-07,-0.0012738,3.877,-104
0,9.1348e-07,-0.0012739,3.982,-104
0,9.1527e-07,-0.0012739,4.087,-104
0,9.1695e-07,-0.0012738,4.19,-104
0,9.1858e-07,-0.0012737,4.293,-104
0,9.2021e-07,-0.0012736,4.396,-104
0,9.2177e-07,-0.0012734,4.5,-104
0,9.2328e-07,-0.0012733,4.604,-104
0,9.2477e-07,-0.0012733,4.707,-104
0,9.2619e-07,-0.0012733,4.809,-104
0,9.2757e-07,-0.0012734,4.912,-104
0,9.2891e-07,-0.0012735,5.015,-104
0,9.3024e-07,-0.0012736,5.116,-104
0,9.3156e-07,-0.0012736,5.22,-104
0,9.328e-07,-0.0012737,5.322,-104
0,9.3401e-07,-0.0012737,5.428,-104
0,9.3519e-07,-0.0012737,5.537,-104
0,9.3634e-07,-0.0012736,5.64,-104
0,9.3747e-07,-0.0012736,5.743,-104
0,9.3855e-07,-0.0012735,5.847,-104
0,9.396e-07,-0.0012735,5.95,-104
0,9.4063e-07,-0.0012735,6.058,-104
0,9.4184e-07,-0.0012735,6.168,-104
0,9.4283e-07,-0.0012735,6.273,-104
0,9.4378e-07,-0.0012735,6.376,-104
0,9.4469e-07,-0.0012735,6.478,-104
0,9.4542e-07,-0.0012736,6.582,-104
0,9.4649e-07,-0.0012736,6.688,-104
0,9.4732e-07,-0.0012736,6.791,-104
0,9.4816e-07,-0.0012736,6.894,-104
0,9.4895e-07,-0.0012736,6.996,-104
0,9.4973e-07,-0.0012735,7.099,-104
0,9.5049e-07,-0.0012735,7.202,-104
0,9.5126e-07,-0.0012735,7.31,-104
0,9.5197e-07,-0.0012735,7.412,-104
0,9.5267e-07,-0.0012735,7.515,-104
0,9.5335e-07,-0.0012735,7.618,-104
0,9.5402e-07,-0.0012735,7.723,-104
0,9.5467e-07,-0.0012735,7.827,-104
0,9.553e-07,-0.0012736,7.931,-104
0,9.5591e-07,-0.0012736,8.033,-104
0,9.565e-07,-0.0012736,8.136,-104
0,9.5708e-07,-0.0012736,8.239,-104
0,9.5764e-07,-0.0012736,8.347,-104
0,9.5819e-07,-0.0012735,8.453,-104
0,9.5873e-07,-0.0012735,8.558,-104
0,9.5924e-07,-0.0012735,8.666,-104
0,9.5974e-07,-0.0012735,8.77,-104
0,9.6023e-07,-0.0012735,8.872,-104
0,9.607e-07,-0.0012735,8.978,-104
0,9.6116e-07,-0.0012735,9.082,-104
0,9.6164e-07,-0.0012735,9.187,-104
0,9.6207e-07,-0.0012735,9.289,-104
0,9.6258e-07,-0.0012735,9.394,-104
0,9.63e-07,-0.0012735,9.5,-104
0,9.634e-07,-0.0012735,9.605,-104
0,9.6379e-07,-0.0012735,9.713,-104
0,9.6417e-07,-0.0012735,9.817,-104
0,9.6455e-07,-0.0012735,9.923,-104
0,9.6491e-07,-0.0012735,10.027,-104
0,9.6527e-07,-0.0012735,10.136,-104
0,9.6561e-07,-0.0012735,10.239,-104
0,9.6601e-07,-0.0012735,10.344,-104
0,9.6634e-07,-0.0012735,10.449,-104
0,9.6666e-07,-0.0012735,10.554,-104
0,9.6697e-07,-0.0012735,10.658,-104
0,9.6727e-07,-0.0012735,10.762,-104
0,9.6755e-07,-0.0012735,10.864,-104
0,9.6783e-07,-0.0012735,10.967,-104
0,9.6811e-07,-0.0012735,11.071,-104
0,9.6838e-07,-0.0012735,11.175,-104
0,9.6864e-07,-0.0012735,11.279,-104
0,9.6889e-07,-0.0012735,11.38,-104
0,9.6913e-07,-0.0012735,11.483,-104
0,9.6938e-07,-0.0012735,11.588,-104
0,9.6961e-07,-0.0012735,11.692,-104
0,9.6984e-07,-0.0012735,11.795,-104
0,9.7006e-07,-0.0012735,11.897,-104
0,9.7027e-07,-0.0012735,11.999,-104
0,9.7048e-07,-0.0012735,12.103,-104
0,9.7069e-07,-0.0012735,12.208,-104
0,9.7088e-07,-0.0012735,12.311,-104
0,9.7107e-07,-0.0012735,12.414,-104
0,9.7127e-07,-0.0012735,12.521,-104
0,9.7146e-07,-0.0012735,12.627,-104
0,9.7163e-07,-0.0012735,12.73,-104
0,9.7181e-07,-0.0012735,12.834,-104
0,9.7197e-07,-0.0012735,12.936,-104
0,9.7213e-07,-0.0012735,13.038,-104
0,9.7229e-07,-0.0012735,13.141,-104
0,9.7245e-07,-0.0012735,13.245,-104
0,9.726e-07,-0.0012735,13.349,-104
0,9.7274e-07,-0.0012735,13.452,-104
0,9.7289e-07,-0.0012735,13.556,-104
0,9.7303e-07,-0.0012735,13.66,-104
0,9.7316e-07,-0.0012735,13.763,-104
0,9.733e-07,-0.0012735,13.867,-104
0,9.7342e-07,-0.0012735,13.971,-104
0,9.7355e-07,-0.0012735,14.074,-104
0,9.7367e-07,-0.0012735,14.177,-104
0,9.7379e-07,-0.0012735,14.279,-104
0,9.739e-07,-0.0012735,14.382,-104
0,9.7401e-07,-0.0012735,14.486,-104
0,9.7412e-07,-0.0012735,14.589,-104
0,9.7423e-07,-0.0012735,14.693,-104
0,9.7433e-07,-0.0012735,14.796,-104
0,9.7443e-07,-0.0012735,14.899,-104
0,9.7453e-07,-0.0012735,15.003,-104
0,9.7462e-07,-0.0012735,15.105,-104
0,9.7471e-07,-0.0012735,15.208,-104
0,9.7481e-07,-0.0012735,15.313,-104
0,9.7489e-07,-0.0012735,15.417,-104
0,9.7498e-07,-0.0012735,15.519,-104
0,9.7506e-07,-0.0012735,15.622,-104
0,9.7514e-07,-0.0012735,15.724,-104
0,9.7522e-07,-0.0012735,15.827,-104
0,9.7529e-07,-0.0012735,15.93,-104
0,9.7537e-07,-0.0012735,16.033,-104
0,9.7544e-07,-0.0012735,16.136,-104
0,9.7551e-07,-0.0012735,16.239,-104
0,9.7558e-07,-0.0012735,16.34,-104
0,9.7564e-07,-0.0012735,16.444,-104
0,9.7571e-07,-0.0012735,16.549,-104
0,9.7577e-07,-0.0012735,16.651,-104
0,9.7583e-07,-0.0012735,16.754,-104
0,9.7589e-07,-0.0012735,16.857,-104
0,9.7595e-07,-0.0012735,16.96,-104
0,9.7601e-07,-0.0012735,17.065,-104
0,9.7606e-07,-0.0012735,17.167,-104
0,9.7612e-07,-0.0012735,17.269,-104
0,9.7617e-07,-0.0012735,17.372,-104
0,9.7622e-07,-0.0012735,17.473,-104
0,9.7627e-07,-0.0012735,17.575,-104
0,9.7632e-07,-0.0012735,17.678,-104
0,9.7636e-07,-0.0012735,17.782,-104
0,9.7641e-07,-0.0012735,17.884,-104
0,9.7645e-07,-0.0012735,17.988,-104
0,9.765e-07,-0.0012735,18.093,-104
0,9.7654e-07,-0.0012735,18.199,-104
0,9.7658e-07,-0.0012735,18.303,-104
0,9.7662e-07,-0.0012735,18.405,-104
0,9.7666e-07,-0.0012735,18.508,-104
0,9.767e-07,-0.0012735,18.615,-104
0,9.7673e-07,-0.0012735,18.717,-104
0,9.7677e-07,-0.0012735,18.82,-104
0,9.768e-07,-0.0012735,18.923,-104
0,9.7684e-07,-0.0012735,19.027,-104
0,9.7687e-07,-0.0012735,19.13,-104
0,9.769e-07,-0.0012735,19.232,-104
0,9.7693e-07,-0.0012735,19.334,-104
0,9.7697e-07,-0.0012735,19.438,-104
0,9.77e-07,-0.0012735,19.544,-104
0,9.7702e-07,-0.0012735,19.646,-104
0,9.7705e-07,-0.0012735,19.752,-104
0,9.7708e-07,-0.0012735,19.875,-104
0,9.7711e-07,-0.0012735,19.986,-104
0,9.7714e-07,-0.0012735,20.094,-104
0,9.7716e-07,-0.0012735,20.198,-104
0,9.7719e-07,-0.0012735,20.302,-104
0,9.7721e-07,-0.0012735,20.406,-104
0,9.7724e-07,-0.0012735,20.511,-104
0,9.7726e-07,-0.0012735,20.616,-104
0,9.7728e-07,-0.0012735,20.725,-104
0,9.773e-07,-0.0012735,20.836,-104
0,9.7732e-07,-0.0012735,20.94,-104
0,9.7734e-07,-0.0012735,21.045,-104
0,9.7737e-07,-0.0012735,21.15,-104
0,9.7739e-07,-0.0012735,21.259,-104
0,9.7741e-07,-0.0012735,21.373,-104
0,9.7742e-07,-0.0012735,21.476,-104
0,9.7744e-07,-0.0012735,21.58,-104
0,9.7746e-07,-0.0012735,21.689,-104
0,9.7747e-07,-0.0012735,21.792,-104
0,9.7749e-07,-0.0012735,21.895,-104
0,9.7751e-07,-0.0012735,21.997,-104
0,9.7752e-07,-0.0012735,22.102,-104
0,9.7754e-07,-0.0012735,22.207,-104
0,9.7755e-07,-0.0012735,22.31,-104
0,9.7756e-07,-0.0012735,22.414,-104
0,9.7758e-07,-0.0012735,22.52,-104
0,9.7759e-07,-0.0012735,22.625,-104
0,9.7761e-07,-0.0012735,22.729,-104
0,9.7762e-07,-0.0012735,22.835,-104
0,9.7763e-07,-0.0012735,22.94,-104
0,9.7764e-07,-0.0012735,23.044,-104
0,9.7765e-07,-0.0012735,23.151,-104
0,9.7767e-07,-0.0012735,23.255,-104
0,9.7768e-07,-0.0012735,23.363,-104
0,9.7769e-07,-0.0012735,23.466,-104
0,9.777e-07,-0.0012735,23.573,-104
0,9.7771e-07,-0.0012735,23.675,-104
0,9.7772e-07,-0.0012735,23.784,-104
0,9.7773e-07,-0.0012735,23.888,-104
0,9.7774e-07,-0.0012735,23.993,-104
0,9.7775e-07,-0.0012735,24.098,-104
0,9.7776e-07,-0.0012735,24.204,-104
0,9.7776e-07,-0.0012735,24.305,-104
0,9.7777e-07,-0.0012735,24.407,-104
0,9.7778e-07,-0.0012735,24.512,-104
0,9.7779e-07,-0.0012735,24.619,-104
0,9.778e-07,-0.0012735,24.723,-104
0,9.778e-07,-0.0012735,24.829,-104
0,9.7781e-07,-0.0012735,24.931,-104
0,9.7782e-07,-0.0012735,25.039,-104
0,9.7782e-07,-0.0012735,25.148,-104
0,9.7783e-07,-0.0012735,25.254,-104
0,9.7784e-07,-0.0012735,25.358,-104
0,9.7784e-07,-0.0012735,25.462,-104
0,9.7785e-07,-0.0012735,25.568,-104
0,9.7786e-07,-0.0012735,25.679,-104
0,9.7786e-07,-0.0012735,25.793,-104
0,9.7787e-07,-0.0012735,25.901,-104
0,9.7788e-07,-0.0012735,26.003,-104
0,9.7788e-07,-0.0012735,26.109,-104
0,9.7789e-07,-0.0012735,26.215,-104
0,9.7789e-07,-0.0012735,26.317,-104
0,9.779e-07,-0.0012735,26.42,-104
0,9.779e-07,-0.0012735,26.525,-104
0,9.7791e-07,-0.0012735,26.627,-104
0,9.7791e-07,-0.0012735,26.73,-104
0,9.7791e-07,-0.0012735,26.834,-104
0,9.7792e-07,-0.0012735,26.937,-104
0,9.7792e-07,-0.0012735,27.04,-104
0,9.7793e-07,-0.0012735,27.144,-104
0,9.7793e-07,-0.0012735,27.247,-104
0,9.7794e-07,-0.0012735,27.351,-104
0,9.7794e-07,-0.0012735,27.454,-104
0,9.7794e-07,-0.0012735,27.559,-104
0,9.7795e-07,-0.0012735,27.663,-104
0,9.7795e-07,-0.0012735,27.769,-104
0,9.7795e-07,-0.0012735,27.872,-104
0,9.7796e-07,-0.0012735,27.975,-104
0,9.7796e-07,-0.0012735,28.078,-104
0,9.7796e-07,-0.0012735,28.182,-104
0,9.7797e-07,-0.0012735,28.285,-104
0,9.7797e-07,-0.0012735,28.389,-104
0,9.7797e-07,-0.0012735,28.492,-104
0,9.7797e-07,-0.0012735,28.596,-104
0,9.7798e-07,-0.0012735,28.701,-104
0,9.7798e-07,-0.0012735,28.805,-104
0,9.7798e-07,-0.0012735,28.909,-104
0,9.7799e-07,-0.0012735,29.017,-104
0,9.7799e-07,-0.0012735,29.119,-104
0,9.7799e-07,-0.0012735,29.222,-104
0,9.7799e-07,-0.0012735,29.324,-104
0,9.78e-07,-0.0012735,29.431,-104
0,9.78e-07,-0.0012735,29.534,-104
0,9.78e-07,-0.0012735,29.639,-104
0,9.78e-07,-0.0012735,29.743,-104
0,9.78e-07,-0.0012735,29.85,-104
0,9.7801e-07,-0.0012735,29.956,-104
0,9.7801e-07,-0.0012735,30.067,-104
0,9.7801e-07,-0.0012735,30.172,-104
0,9.7801e-07,-0.0012735,30.285,-104
0,9.7801e-07,-0.0012735,30.39,-104
0,9.7802e-07,-0.0012735,30.494,-104
0,9.7802e-07,-0.0012735,30.601,-104
0,9.7802e-07,-0.0012735,30.72,-104
0,9.7802e-07,-0.0012735,30.846,-104
0,9.7802e-07,-0.0012735,30.955,-104
0,9.7802e-07,-0.0012735,31.07,-104
0,9.7803e-07,-0.0012735,31.175,-104
0,9.7803e-07,-0.0012735,31.278,-104
0,9.7803e-07,-0.0012735,31.389,-104
0,9.7803e-07,-0.0012735,31.498,-104
0,9.7803e-07,-0.0012735,31.606,-104
0,9.7803e-07,-0.0012735,31.709,-104
0,9.7803e-07,-0.0012735,31.825,-104
0,9.7804e-07,-0.0012735,31.928,-104
0,9.7804e-07,-0.0012735,32.045,-104
0,9.7804e-07,-0.0012735,32.153,-104
0,9.7804e-07,-0.0012735,32.271,-104
0,9.7804e-07,-0.0012735,32.373,-104
0,9.7804e-07,-0.0012735,32.489,-104
0,9.7804e-07,-0.0012735,32.596,-104
0,9.7804e-07,-0.0012735,32.707,-104
0,9.7804e-07,-0.0012735,32.812,-104
0,9.7805e-07,-0.0012735,32.919,-104
0,9.7805e-07,-0.0012735,33.029,-104
0,9.7805e-07,-0.0012735,33.139,-104
0,9.7805e-07,-0.0012735,33.256,-104
0,9.7805e-07,-0.0012735,33.358,-104
0,9.7805e-07,-0.0012735,33.475,-104
0,9.7805e-07,-0.0012735,33.581,-104
0,9.7805e-07,-0.0012735,33.696,-104
0,9.7805e-07,-0.0012735,33.805,-104
0,9.7805e-07,-0.0012735,33.911,-104
0,9.7805e-07,-0.0012735,34.028,-104
0,9.7806e-07,-0.0012735,34.132,-104
0,9.7806e-07,-0.0012735,34.24,-104
0,9.7806e-07,-0.0012735,34.347,-104
0,9.7806e-07,-0.0012735,34.452,-104
0,9.7806e-07,-0.0012735,34.554,-104
0,9.7806e-07,-0.0012735,34.659,-104
0,9.7806e-07,-0.0012735,34.767,-104
0,9.7806e-07,-0.0012735,34.881,-104
0,9.7806e-07,-0.0012735,34.991,-104
0,9.7806e-07,-0.0012735,35.096,-104
0,9.7806e-07,-0.0012735,35.209,-104
0,9.7806e-07,-0.0012735,35.316,-104
0,9.7806e-07,-0.0012735,35.424,-104
0,9.7806e-07,-0.0012735,35.547,-104
0,9.7806e-07,-0.0012735,35.659,-104
0,9.7806e-07,-0.0012735,35.769,-104
0,9.7806e-07,-0.0012735,35.875,-104
0,9.7807e-07,-0.0012735,35.981,-104
0,9.7807e-07,-0.0012735,36.088,-104
0,9.7807e-07,-0.0012735,36.192,-104
0,9.7807e-07,-0.0012735,36.299,-104
0,9.7807e-07,-0.0012735,36.427,-104
0,9.7807e-07,-0.0012735,36.543,-104
0,9.7807e-07,-0.0012735,36.659,-104
0,9.7807e-07,-0.0012735,36.765,-104
0,9.7807e-07,-0.0012735,36.867,-104
0,9.7807e-07,-0.0012735,36.97,-104
0,9.7807e-07,-0.0012735,37.073,-104
0,9.7807e-07,-0.0012735,37.177,-104
0,9.7807e-07,-0.0012735,37.279,-104
0,9.7807e-07,-0.0012735,37.381,-104
0,9.7807e-07,-0.0012735,37.488,-104
0,9.7807e-07,-0.0012735,37.591,-104
0,9.7807e-07,-0.0012735,37.696,-104
0,9.7807e-07,-0.0012735,37.802,-104
0,9.7807e-07,-0.0012735,37.915,-104
0,9.7807e-07,-0.0012735,38.024,-104
0,9.7807e-07,-0.0012735,38.13,-104
0,9.7807e-07,-0.0012735,38.235,-104
0,9.7807e-07,-0.0012735,38.345,-104
0,9.7807e-07,-0.0012735,38.453,-104
0,9.7807e-07,-0.0012735,38.568,-104
0,9.7807e-07,-0.0012735,38.677,-104
0,9.7807e-07,-0.0012735,38.784,-104
0,9.7807e-07,-0.0012735,38.888,-104
0,9.7807e-07,-0.0012735,38.992,-104
0,9.7808e-07,-0.0012735,39.095,-104
0,9.7808e-07,-0.0012735,39.208,-104
0,9.7808e-07,-0.0012735,39.312,-104
0,9.7808e-07,-0.0012735,39.428,-104
0,9.7808e-07,-0.0012735,39.549,-104
0,9.7808e-07,-0.0012735,39.658,-104
0,9.7808e-07,-0.0012735,39.764,-104
0,9.7808e-07,-0.0012735,39.869,-104
0,9.7808e-07,-0.0012735,39.972,-104
0,9.7808e-07,-0.0012735,40.076,-104
0,9.7808e-07,-0.0012735,40.204,-104
0,9.7808e-07,-0.0012735,40.314,-104
0,9.7808e-07,-0.0012735,40.415,-104
0,9.7808e-07,-0.0012735,40.524,-104
0,9.7808e-07,-0.0012735,40.65,-104
0,9.7808e-07,-0.0012735,40.765,-104
0,9.7808e-07,-0.0012735,40.869,-104
0,9.7808e-07,-0.0012735,40.983,-104
0,9.7808e-07,-0.0012735,41.097,-104
0,9.7808e-07,-0.0012735,41.214,-104
0,9.7808e-07,-0.0012735,41.333,-104
0,9.7808e-07,-0.0012735,41.436,-104
0,9.7808e-07,-0.0012735,41.548,-104
0,9.7808e-07,-0.0012735,41.664,-104
0,9.7808e-07,-0.0012735,41.767,-104
0,9.7808e-07,-0.0012735,41.874,-104
0,9.7808e-07,-0.0012735,41.98,-104
0,9.7808e-07,-0.0012735,42.085,-104
0,9.7808e-07,-0.0012735,42.199,-104
0,9.7808e-07,-0.0012735,42.309,-104
0,9.7808e-07,-0.0012735,42.418,-104
0,9.7808e-07,-0.0012735,42.538,-104
0,9.7808e-07,-0.0012735,42.662,-104
0,9.7808e-07,-0.0012735,42.77,-104
0,9.7808e-07,-0.0012735,42.875,-104
0,9.7808e-07,-0.0012735,42.981,-104
0,9.7808e-07,-0.0012735,43.088,-104
0,9.7808e-07,-0.0012735,43.194,-104
0,9.7808e-07,-0.0012735,43.299,-104
0,9.7808e-07,-0.0012735,43.407,-104
0,9.7808e-07,-0.0012735,43.519,-104
0,9.7808e-07,-0.0012735,43.624,-104
0,9.7808e-07,-0.0012735,43.728,-104
0,9.7808e-07,-0.0012735,43.834,-104
0,9.7808e-07,-0.0012735,43.938,-104
0,9.7808e-07,-0.0012735,44.043,-104
0,9.7808e-07,-0.0012735,44.146,-104
0,9.7808e-07,-0.0012735,44.255,-104
0,9.7808e-07,-0.0012735,44.358,-104
0,9.7808e-07,-0.0012735,44.472,-104
0,9.7808e-07,-0.0012735,44.585,-104
0,9.7808e-07,-0.0012735,44.739,-104
0,9.7808e-07,-0.0012735,44.853,-104
0,9.7808e-07,-0.0012735,44.961,-104
0,9.7808e-07,-0.0012735,45.084,-104
0,9.7808e-07,-0.0012735,45.202,-104
0,9.7808e-07,-0.0012735,45.307,-104
0,9.7808e-07,-0.0012735,45.413,-104
0,9.7808e-07,-0.0012735,45.528,-104
0,9.7808e-07,-0.0012735,45.64,-104
0,9.7808e-07,-0.0012735,45.745,-104
0,9.7808e-07,-0.0012735,45.85,-104
0,9.7808e-07,-0.0012735,45.956,-104
0,9.7808e-07,-0.0012735,46.069,-104
0,9.7808e-07,-0.0012735,46.186,-104
0,9.7808e-07,-0.0012735,46.291,-104
0,9.7808e-07,-0.0012735,46.396,-104
0,9.7808e-07,-0.0012735,46.502,-104
0,9.7808e-07,-0.0012735,46.607,-104
0,9.7808e-07,-0.0012735,46.714,-104
0,9.7808e-07,-0.0012735,46.819,-104
0,9.7808e-07,-0.0012735,46.925,-104
0,9.7808e-07,-0.0012735,47.03,-104
0,9.7808e-07,-0.0012735,47.137,-104
0,9.7808e-07,-0.0012735,47.243,-104
0,9.7808e-07,-0.0012735,47.374,-104
0,9.7808e-07,-0.0012735,47.493,-104
0,9.7808e-07,-0.0012735,47.598,-104
0,9.7808e-07,-0.0012735,47.698,-104
0,9.7808e-07,-0.0012735,47.816,-104
0,9.7808e-07,-0.0012735,47.925,-104
0,9.7808e-07,-0.0012735,48.026,-104
0,9.7808e-07,-0.0012735,48.132,-104
0,9.7808e-07,-0.0012735,48.237,-104
0,9.7808e-07,-0.0012735,48.497,-104
0,9.7808e-07,-0.0012735,48.735,-104
0,9.7808e-07,-0.0012735,48.838,-104
0,9.7808e-07,-0.0012735,48.944,-104
0,9.7808e-07,-0.0012735,49.048,-104
0,9.7808e-07,-0.0012735,49.152,-104
0,9.7808e-07,-0.0012735,49.261,-104
0,9.7808e-07,-0.0012735,49.366,-104
0,9.7808e-07,-0.0012735,49.469,-104
0,9.7808e-07,-0.0012735,49.573,-104
0,9.7808e-07,-0.0012735,49.677,-104
0,9.7808e-07,-0.0012735,49.781,-104
0,9.7808e-07,-0.0012735,49.883,-104
0,9.7808e-07,-0.0012735,49.986,-104
0,9.7808e-07,-0.0012735,50.089,-104
0,9.7808e-07,-0.0012735,50.191,-104
0,9.7808e-07,-0.0012735,50.294,-104
0,9.7809e-07,-0.0012735,50.404,-104
0,9.7809e-07,-0.0012735,50.508,-104
0,9.7809e-07,-0.0012735,50.622,-104
0,9.7809e-07,-0.0012735,50.725,-104
0,9.7809e-07,-0.0012735,50.827,-104
0,9.7809e-07,-0.0012735,50.932,-104
0,9.7809e-07,-0.0012735,51.047,-104
0,9.7809e-07,-0.0012735,51.154,-104
0,9.7809e-07,-0.0012735,51.271,-104
0,9.7809e-07,-0.0012735,51.375,-104
0,9.7809e-07,-0.0012735,51.479,-104
0,9.7809e-07,-0.0012735,51.585,-104
0,9.7809e-07,-0.0012735,51.69,-104
0,9.7809e-07,-0.0012735,51.798,-104
0,9.7809e-07,-0.0012735,51.903,-104
0,9.7809e-07,-0.0012735,52.007,-104
0,9.7809e-07,-0.0012735,52.115,-104
0,9.7809e-07,-0.0012735,52.219,-104
0,9.7809e-07,-0.0012735,52.322,-104
0,9.7809e-07,-0.0012735,52.429,-104
0,9.7809e-07,-0.0012735,52.535,-104
0,9.7809e-07,-0.0012735,52.64,-104
0,9.7809e-07,-0.0012735,52.743,-104
0,9.7809e-07,-0.0012735,52.852,-104
0,9.7809e-07,-0.0012735,52.967,-104
0,9.7809e-07,-0.0012735,53.081,-104
0,9.7809e-07,-0.0012735,53.188,-104
0,9.7809e-07,-0.0012735,53.296,-104
0,9.7809e-07,-0.0012735,53.405,-104
0,9.7809e-07,-0.0012735,53.508,-104
0,9.7809e-07,-0.0012735,53.616,-104
0,9.7809e-07,-0.0012735,53.729,-104
0,9.7809e-07,-0.0012735,53.847,-104
0,9.7809e-07,-0.0012735,53.951,-104
0,9.7809e-07,-0.0012735,54.055,-104
0,9.7809e-07,-0.0012735,54.161,-104
0,9.7809e-07,-0.0012735,54.269,-104
0,9.7809e-07,-0.0012735,54.375,-104
0,9.7809e-07,-0.0012735,54.479,-104
0,9.7809e-07,-0.0012735,54.581,-104
0,9.7809e-07,-0.0012735,54.682,-104
0,9.7809e-07,-0.0012735,54.786,-104
0,9.7809e-07,-0.0012735,54.888,-104
0,9.7809e-07,-0.0012735,54.99,-104
0,9.7809e-07,-0.0012735,55.093,-104
0,9.7809e-07,-0.0012735,55.195,-104
0,9.7809e-07,-0.0012735,55.3,-104
0,9.7809e-07,-0.0012735,55.403,-104
0,9.7809e-07,-0.0012735,55.515,-104
0,9.7809e-07,-0.0012735,55.62,-104
0,9.7809e-07,-0.0012735,55.723,-104
0,9.7809e-07,-0.0012735,55.827,-104
0,9.7809e-07,-0.0012735,55.937,-104
0,9.7809e-07,-0.0012735,56.042,-104
0,9.7809e-07,-0.0012735,56.147,-104
0,9.7809e-07,-0.0012735,56.255,-104
0,9.7809e-07,-0.0012735,56.355,-104
0,9.7809e-07,-0.0012735,56.47,-104
0,9.7809e-07,-0.0012735,56.58,-104
0,9.7809e-07,-0.0012735,56.681,-104
0,9.7809e-07,-0.0012735,56.836,-104
0,9.7809e-07,-0.0012735,56.948,-104
0,9.7809e-07,-0.0012735,57.052,-104
0,9.7809e-07,-0.0012735,57.168,-104
0,9.7809e-07,-0.0012735,57.273,-104
0,9.7809e-07,-0.0012735,57.376,-104
0,9.7809e-07,-0.0012735,57.482,-104
0,9.7809e-07,-0.0012735,57.597,-104
0,9.7809e-07,-0.0012735,57.703,-104
0,9.7809e-07,-0.0012735,57.836,-104
0,9.7809e-07,-0.0012735,57.945,-104
0,9.7809e-07,-0.0012735,58.051,-104
0,9.7809e-07,-0.0012735,58.163,-104
0,9.7809e-07,-0.0012735,58.276,-104
0,9.7809e-07,-0.0012735,58.378,-104
0,9.7809e-07,-0.0012735,58.482,-104
0,9.7809e-07,-0.0012735,58.589,-104
0,9.7809e-07,-0.0012735,58.7,-104
0,9.7809e-07,-0.0012735,58.817,-104
0,9.7809e-07,-0.0012735,58.933,-104
0,9.7809e-07,-0.0012735,59.073,-104
0,9.7809e-07,-0.0012735,59.185,-104
0,9.7809e-07,-0.0012735,59.299,-104
0,9.7809e-07,-0.0012735,59.404,-104
0,9.7809e-07,-0.0012735,59.508,-104
0,9.7809e-07,-0.0012735,59.611,-104
0,9.7809e-07,-0.0012735,59.722,-104
0,9.7809e-07,-0.0012735,59.829,-104
0,9.7809e-07,-0.0012735,59.933,-104
0,9.7809e-07,-0.0012735,60.038,-104
0,9.7809e-07,-0.0012735,60.14,-104
0,9.7809e-07,-0.0012735,60.242,-104
0,9.7809e-07,-0.0012735,60.349,-104
0,9.7809e-07,-0.0012735,60.463,-104
0,9.7809e-07,-0.0012735,60.569,-104
0,9.7809e-07,-0.0012735,60.673,-104
0,9.7809e-07,-0.0012735,60.782,-104
0,9.7809e-07,-0.0012735,60.886,-104
0,9.7809e-07,-0.0012735,61.006,-104
0,9.7809e-07,-0.0012735,61.119,-104
0,9.7809e-07,-0.0012735,61.222,-104
0,9.7809e-07,-0.0012735,61.344,-104
0,9.7809e-07,-0.0012735,61.467,-104
0,9.7809e-07,-0.0012735,61.583,-104
0,9.7809e-07,-0.0012735,61.753,-104
0,9.7809e-07,-0.0012735,61.858,-104
0,9.7809e-07,-0.0012735,61.961,-104
0,9.7809e-07,-0.0012735,62.074,-104
0,9.7809e-07,-0.0012735,62.184,-104
0,9.7809e-07,-0.0012735,62.287,-104
0,9.7809e-07,-0.0012735,62.39,-104
0,9.7809e-07,-0.0012735,62.494,-104
0,9.7809e-07,-0.0012735,62.605,-104
0,9.7809e-07,-0.0012735,62.709,-104
0,9.7809e-07,-0.0012735,62.811,-104
0,9.7809e-07,-0.0012735,62.919,-104
0,9.7809e-07,-0.0012735,63.03,-104
0,9.7809e-07,-0.0012735,63.133,-104
0,9.7809e-07,-0.0012735,63.24,-104
0,9.7809e-07,-0.0012735,63.344,-104
0,9.7809e-07,-0.0012735,63.448,-104
0,9.7809e-07,-0.0012735,63.553,-104
0,9.7809e-07,-0.0012735,63.665,-104
0,9.7809e-07,-0.0012735,63.769,-104
0,9.7809e-07,-0.0012735,63.876,-104
0,9.7809e-07,-0.0012735,63.985,-104
0,9.7809e-07,-0.0012735,64.091,-104
0,9.7809e-07,-0.0012735,64.205,-104
0,9.7809e-07,-0.0012735,64.313,-104
0,9.7809e-07,-0.0012735,64.415,-104
0,9.7809e-07,-0.0012735,64.525,-104
0,9.7809e-07,-0.0012735,64.631,-104
0,9.7809e-07,-0.0012735,64.733,-104
0,9.7809e-07,-0.0012735,64.836,-104
0,9.7809e-07,-0.0012735,64.942,-104
0,9.7809e-07,-0.0012735,65.058,-104
0,9.7809e-07,-0.0012735,65.165,-104
0,9.7809e-07,-0.0012735,65.27,-104
0,9.7809e-07,-0.0012735,65.374,-104
0,9.7809e-07,-0.0012735,65.49,-104
0,9.7809e-07,-0.0012735,65.596,-104
0,9.7809e-07,-0.0012735,65.71,-104
0,9.7809e-07,-0.0012735,65.815,-104
0,9.7809e-07,-0.0012735,65.923,-104
0,9.7809e-07,-0.0012735,66.035,-104
0,9.7809e-07,-0.0012735,66.14,-104
0,9.7809e-07,-0.0012735,66.244,-104
0,9.7809e-07,-0.0012735,66.364,-104
0,9.7809e-07,-0.0012735,66.466,-104
0,9.7809e-07,-0.0012735,66.568,-104
0,9.7809e-07,-0.0012735,66.671,-104
0,9.7809e-07,-0.0012735,66.775,-104
0,9.7809e-07,-0.0012735,66.878,-104
0,9.7809e-07,-0.0012735,66.982,-104
0,9.7809e-07,-0.0012735,67.088,-104
0,9.7809e-07,-0.0012735,67.191,-104
0,9.7809e-07,-0.0012735,67.293,-104
0,9.7809e-07,-0.0012735,67.396,-104
0,9.7809e-07,-0.0012735,67.504,-104
0,9.7809e-07,-0.0012735,67.612,-104
0,9.7809e-07,-0.0012735,67.719,-104
0,9.7809e-07,-0.0012735,67.822,-104
0,9.7809e-07,-0.0012735,67.926,-104
0,9.7809e-07,-0.0012735,68.03,-104
0,9.7809e-07,-0.0012735,68.132,-104
0,9.7809e-07,-0.0012735,68.237,-104
0,9.7809e-07,-0.0012735,68.341,-104
0,9.7809e-07,-0.0012735,68.445,-104
0,9.7809e-07,-0.0012735,68.548,-104
0,9.7809e-07,-0.0012735,68.651,-104
0,9.7809e-07,-0.0012735,68.755,-104
0,9.7809e-07,-0.0012735,68.859,-104
0,9.7809e-07,-0.0012735,68.973,-104
0,9.7809e-07,-0.0012735,69.083,-104
0,9.7809e-07,-0.0012735,69.185,-104
0,9.7809e-07,-0.0012735,69.293,-104
0,9.7809e-07,-0.0012735,69.399,-104
0,9.7809e-07,-0.0012735,69.502,-104
0,9.7809e-07,-0.0012735,69.608,-104
0,9.7809e-07,-0.0012735,69.713,-104
0,9.7809e-07,-0.0012735,69.818,-104
0,9.7809e-07,-0.0012735,69.923,-104
0,9.7809e-07,-0.0012735,70.036,-104
0,9.7809e-07,-0.0012735,70.149,-104
0,9.7809e-07,-0.0012735,70.258,-104
0,9.7809e-07,-0.0012735,70.364,-104
0,9.7809e-07,-0.0012735,70.474,-104
0,9.7809e-07,-0.0012735,70.583,-104
0,9.7809e-07,-0.0012735,70.691,-104
0,9.7809e-07,-0.0012735,70.796,-104
0,9.7809e-07,-0.0012735,70.9,-104
0,9.7809e-07,-0.0012735,71.019,-104
0,9.7809e-07,-0.0012735,71.128,-104
0,9.7809e-07,-0.0012735,71.277,-104
0,9.7809e-07,-0.0012735,71.397,-104
0,9.7809e-07,-0.0012735,71.501,-104
0,9.7809e-07,-0.0012735,71.604,-104
0,9.7809e-07,-0.0012735,71.712,-104
0,9.7809e-07,-0.0012735,71.823,-104
0,9.7809e-07,-0.0012735,71.927,-104
0,9.7809e-07,-0.0012735,72.032,-104
0,9.7809e-07,-0.0012735,72.138,-104
0,9.7809e-07,-0.0012735,72.242,-104
0,9.7809e-07,-0.0012735,72.346,-104
0,9.7809e-07,-0.0012735,72.452,-104
0,9.7809e-07,-0.0012735,72.56,-104
0,9.7809e-07,-0.0012735,72.664,-104
0,9.7809e-07,-0.0012735,72.778,-104
0,9.7809e-07,-0.0012735,72.885,-104
0,9.7809e-07,-0.0012735,72.992,-104
0,9.7809e-07,-0.0012735,73.096,-104
0,9.7809e-07,-0.0012735,73.201,-104
0,9.7809e-07,-0.0012735,73.308,-104
0,9.7809e-07,-0.0012735,73.416,-104
0,9.7809e-07,-0.0012735,73.526,-104
0,9.7809e-07,-0.0012735,73.633,-104
0,9.7809e-07,-0.0012735,73.737,-104
0,9.7809e-07,-0.0012735,73.845,-104
0,9.7809e-07,-0.0012735,73.958,-104
0,9.7809e-07,-0.0012735,74.061,-104
0,9.7809e-07,-0.0012735,74.167,-104
0,9.7809e-07,-0.0012735,74.273,-104
0,9.7809e-07,-0.0012735,74.375,-104
0,9.7809e-07,-0.0012735,74.483,-104
0,9.7809e-07,-0.0012735,74.589,-104
0,9.7809e-07,-0.0012735,74.704,-104
0,9.7809e-07,-0.0012735,74.812,-104
0,9.7809e-07,-0.0012735,74.918,-104
0,9.7809e-07,-0.0012735,75.023,-104
0,9.7809e-07,-0.0012735,75.131,-104
0,9.7809e-07,-0.0012735,75.24,-104
0,9.7809e-07,-0.0012735,75.345,-104
0,9.7809e-07,-0.0012735,75.453,-104
0,9.7809e-07,-0.0012735,75.557,-104
0,9.7809e-07,-0.0012735,75.663,-104
0,9.7809e-07,-0.0012735,75.771,-104
0,9.7809e-07,-0.0012735,75.876,-104
0,9.7809e-07,-0.0012735,75.979,-104
0,9.7809e-07,-0.0012735,76.087,-104
0,9.7809e-07,-0.0012735,76.197,-104
0,9.7809e-07,-0.0012735,76.308,-104
0,9.7809e-07,-0.0012735,76.411,-104
0,9.7809e-07,-0.0012735,76.515,-104
0,9.7809e-07,-0.0012735,76.619,-104
0,9.7809e-07,-0.0012735,76.728,-104
0,9.7809e-07,-0.0012735,76.833,-104
0,9.7809e-07,-0.0012735,76.938,-104
0,9.7809e-07,-0.0012735,77.042,-104
0,9.7809e-07,-0.0012735,77.147,-104
0,9.7809e-07,-0.0012735,77.252,-104
0,9.7809e-07,-0.0012735,77.356,-104
0,9.7809e-07,-0.0012735,77.459,-104
0,9.7809e-07,-0.0012735,77.562,-104
0,9.7809e-07,-0.0012735,77.674,-104
0,9.7809e-07,-0.0012735,77.778,-104
0,9.7809e-07,-0.0012735,77.881,-104
0,9.7809e-07,-0.0012735,77.987,-104
0,9.7809e-07,-0.0012735,78.094,-104
0,9.7809e-07,-0.0012735,78.208,-104
0,9.7809e-07,-0.0012735,78.312,-104
0,9.7809e-07,-0.0012735,78.419,-104
0,9.7809e-07,-0.0012735,78.524,-104
0,9.7809e-07,-0.0012735,78.63,-104
0,9.7809e-07,-0.0012735,78.74,-104
0,9.7809e-07,-0.0012735,78.846,-104
0,9.7809e-07,-0.0012735,78.952,-104
0,9.7809e-07,-0.0012735,79.064,-104
0,9.7809e-07,-0.0012735,79.167,-104
0,9.7809e-07,-0.0012735,79.271,-104
0,9.7809e-07,-0.0012735,79.374,-104
0,9.7809e-07,-0.0012735,79.476,-104
0,9.7809e-07,-0.0012735,79.585,-104
0,9.7809e-07,-0.0012735,79.688,-104
0,9.7809e-07,-0.0012735,79.792,-104
-4.8421e-24,9.8313e-07,-0.00050016,79.901,-104
-1.8619e-23,9.5675e-07,0.0017295,80.005,-104
-3.9248e-23,6.7996e-07,0.0052834,80.111,-104
-6.3285e-23,-2.6469e-07,0.0098699,80.215,-104
-8.7915e-23,-2.233e-06,0.015143,80.317,-104
-1.1794e-22,-6.3417e-06,0.022362,80.422,-104
-1.4259e-22,-1.1489e-05,0.029198,80.529,-104
-1.6467e-22,-1.7979e-05,0.036278,80.635,-104
-1.8475e-22,-2.5748e-05,0.043579,80.738,-104
-2.0278e-22,-3.46e-05,0.051047,80.84,-104
-2.1933e-22,-4.4561e-05,0.058829,80.944,-104
-2.3464e-22,-5.5842e-05,0.067197,81.053,-104
-2.47e-22,-6.6879e-05,0.075134,81.156,-104
-2.583e-22,-7.8954e-05,0.083693,81.265,-104
-2.6799e-22,-9.1377e-05,0.092471,81.376,-104
-2.7625e-22,-0.00010349,0.10109,81.484,-104
-2.8328e-22,-0.00011539,0.10968,81.591,-104
-2.8946e-22,-0.00012684,0.1181,81.695,-104
-2.9497e-22,-0.00013799,0.12649,81.799,-104
-3.0007e-22,-0.00014919,0.13513,81.905,-104
-3.0459e-22,-0.00016003,0.1437,82.021,-104
-3.0835e-22,-0.00017053,0.15222,82.125,-104
-3.1188e-22,-0.00018266,0.16236,82.24,-104
-3.1419e-22,-0.00019279,0.17106,82.357,-104
-3.1568e-22,-0.0002025,0.17962,82.462,-104
-3.1698e-22,-0.00021206,0.18825,82.567,-104
-3.1831e-22,-0.00022121,0.1967,82.671,-104
-3.1988e-22,-0.0002322,0.2071,82.786,-104
-3.2047e-22,-0.000241,0.21563,82.89,-104
-3.2064e-22,-0.00025035,0.22489,83.003,-104
-3.2087e-22,-0.00025871,0.23334,83.106,-104
-3.2117e-22,-0.0002671,0.24198,83.22,-104
-3.2086e-22,-0.0002752,0.25047,83.325,-104
-3.2023e-22,-0.00028479,0.26071,83.44,-104
-3.2002e-22,-0.0002919,0.26845,83.544,-104
-3.1945e-22,-0.00030129,0.27882,83.661,-104
-3.182e-22,-0.00031012,0.28873,83.782,-104
-3.1745e-22,-0.00031795,0.29766,83.891,-104
-3.1694e-22,-0.00032616,0.3071,84.006,-104
-3.1664e-22,-0.00033386,0.31604,84.115,-104
-3.1634e-22,-0.00034263,0.32631,84.24,-104
-3.1574e-22,-0.00034856,0.33329,84.343,-104
-3.1463e-22,-0.0003572,0.34352,84.45,-104
-3.1392e-22,-0.00036431,0.35198,84.553,-104
-3.133e-22,-0.00037136,0.3604,84.655,-104
-3.1219e-22,-0.00037938,0.37003,84.773,-104
-3.1067e-22,-0.00038688,0.37906,84.883,-104
-3.0954e-22,-0.00039404,0.3877,84.988,-104
-3.0879e-22,-0.00040105,0.39616,85.091,-104
-3.0801e-22,-0.00040916,0.40598,85.211,-104
-3.0687e-22,-0.00041632,0.41465,85.316,-104
-3.0583e-22,-0.00042415,0.42414,85.432,-104
-3.0507e-22,-0.00043,0.43123,85.537,-104
-3.0388e-22,-0.00043697,0.43968,85.641,-104
-3.0287e-22,-0.00044523,0.44971,85.746,-104
-3.0217e-22,-0.00045095,0.45666,85.85,-104
-3.0067e-22,-0.00045937,0.46689,85.953,-104
-2.9935e-22,-0.00046621,0.4752,86.056,-104
-2.9829e-22,-0.00047318,0.48365,86.158,-104
-2.9705e-22,-0.00048019,0.49212,86.262,-104
-2.9593e-22,-0.00048723,0.50064,86.364,-104
-2.9464e-22,-0.00049416,0.50902,86.466,-104
-2.933e-22,-0.00050104,0.51736,86.568,-104
-2.9169e-22,-0.000508,0.52579,86.671,-104
-2.896e-22,-0.00051483,0.53412,86.774,-104
-2.8727e-22,-0.00052162,0.54246,86.876,-104
-2.8478e-22,-0.00052847,0.55098,86.98,-104
-2.8231e-22,-0.00053498,0.55924,87.083,-104
-2.7986e-22,-0.00054144,0.5676,87.187,-104
-2.7749e-22,-0.00054775,0.57594,87.291,-104
-2.7495e-22,-0.00055393,0.58434,87.396,-104
-2.7226e-22,-0.00055989,0.59268,87.501,-104
-2.6971e-22,-0.00056547,0.60078,87.604,-104
-2.6721e-22,-0.00057077,0.6088,87.706,-104
-2.6483e-22,-0.00057586,0.61685,87.809,-104
-2.6264e-22,-0.00058073,0.62496,87.914,-104
-2.6057e-22,-0.00058525,0.63297,88.017,-104
-2.5847e-22,-0.00058937,0.64078,88.119,-104
-2.5626e-22,-0.00059323,0.64868,88.223,-104
-2.5374e-22,-0.00059676,0.65656,88.327,-104
-2.509e-22,-0.00059995,0.66443,88.431,-104
-2.4788e-22,-0.00060284,0.67246,88.538,-104
-2.4471e-22,-0.00060533,0.68039,88.645,-104
-2.413e-22,-0.00060745,0.68834,88.752,-104
-2.3828e-22,-0.00060911,0.69588,88.855,-104
-2.3606e-22,-0.00061044,0.70356,88.96,-104
-2.3443e-22,-0.00061139,0.7111,89.083,-104
-2.3259e-22,-0.00061199,0.71902,89.194,-104
-2.3109e-22,-0.00061219,0.72709,89.306,-104
-2.3042e-22,-0.00061199,0.73452,89.411,-104
-3.4329e-05,0.0047961,0.74241,89.52,-104
-9.7782e-05,0.02186,0.751,89.635,-104
-0.00016552,0.04591,0.75923,89.745,-104
-0.00023311,0.078392,0.76794,89.857,-104
-0.00025579,0.1222,0.77769,89.961,-104
-0.00019124,0.16334,0.78568,90.069,-104
-1.0655e-05,0.20941,0.79379,90.174,-104
0.00032343,0.25967,0.80193,90.277,-104
0.00085348,0.3144,0.81019,90.385,-104
0.0016165,0.37316,0.81853,90.488,-104
0.002652,0.43593,0.82698,90.597,-104
0.0039596,0.50083,0.83532,90.701,-104
0.0059193,0.58175,0.84529,90.805,-104
0.0079027,0.65181,0.8536,90.91,-104
0.010233,0.72451,0.86199,91.013,-104
0.012961,0.80065,0.87055,91.116,-104
0.016073,0.87924,0.87918,91.223,-104
0.019548,0.95946,0.88782,91.331,-104
0.023342,1.0402,0.89638,91.439,-104
0.027585,1.1242,0.90515,91.542,-104
0.032334,1.212,0.91419,91.651,-104
0.037444,1.3007,0.92323,91.758,-104
0.043985,1.4074,0.934,91.861,-104
0.04865,1.4797,0.94124,91.964,-104
0.054888,1.5723,0.95045,92.071,-104
0.062749,1.6834,0.96144,92.174,-104
0.068413,1.7603,0.969,92.279,-104
0.075636,1.8552,0.97831,92.383,-104
0.083259,1.9519,0.98776,92.49,-104
0.091161,2.0491,0.99723,92.594,-104
0.099334,2.1467,1.0067,92.698,-104
0.108,2.2475,1.0166,92.803,-104
0.11671,2.3463,1.0262,92.908,-104
0.1273,2.4636,1.0376,93.021,-104
0.13652,2.5636,1.0474,93.126,-104
0.1458,2.6623,1.0571,93.229,-104
0.15543,2.7631,1.067,93.335,-104
0.16522,2.8641,1.0769,93.441,-104
0.17541,2.9678,1.0872,93.546,-104
0.18555,3.0698,1.0973,93.649,-104
0.19577,3.1713,1.1074,93.752,-104
0.20829,3.2944,1.1197,93.858,-104
0.21918,3.4005,1.1303,93.964,-104
0.22982,3.5033,1.1407,94.066,-104
0.2407,3.6077,1.1512,94.17,-104
0.25168,3.7125,1.1619,94.273,-104
0.26285,3.8184,1.1727,94.378,-104
0.27427,3.9264,1.1838,94.484,-104
0.28535,4.0307,1.1946,94.586,-104
0.29677,4.1379,1.2057,94.691,-104
0.30915,4.2538,1.2178,94.805,-104
0.32041,4.359,1.2288,94.919,-104
0.3318,4.4653,1.2401,95.024,-104
0.34383,4.5775,1.252,95.13,-104
0.35526,4.6841,1.2634,95.234,-104
0.36738,4.797,1.2755,95.343,-104
0.38026,4.9172,1.2885,95.449,-104
0.39348,5.0407,1.3019,95.568,-104
0.40586,5.1564,1.3145,95.679,-104
0.41728,5.2632,1.3263,95.782,-104
0.42924,5.3754,1.3387,95.89,-104
0.44098,5.4857,1.351,95.996,-104
0.45273,5.5963,1.3633,96.102,-104
0.46444,5.7068,1.3758,96.207,-104
0.47585,5.8147,1.388,96.311,-104
0.48724,5.9226,1.4002,96.414,-104
0.49912,6.0354,1.4132,96.522,-104
0.51046,6.1434,1.4256,96.625,-104
0.52189,6.2525,1.4382,96.729,-104
0.53318,6.3604,1.4508,96.832,-104
0.54445,6.4685,1.4635,96.935,-104
0.55553,6.575,1.476,97.036,-104
0.56756,6.691,1.4898,97.147,-104
0.57906,6.8021,1.503,97.253,-104
0.59033,6.9112,1.5161,97.356,-104
0.60135,7.0182,1.529,97.458,-104
0.61249,7.1266,1.5421,97.561,-104
0.62377,7.2365,1.5555,97.666,-104
0.63485,7.3447,1.5688,97.768,-104
0.64608,7.4545,1.5823,97.873,-104
0.65757,7.5671,1.5962,97.979,-104
0.66883,7.6777,1.61,98.084,-104
0.67982,7.7858,1.6235,98.187,-104
0.69083,7.8943,1.6371,98.293,-104
0.702,8.0044,1.6511,98.397,-104
0.71293,8.1124,1.6648,98.507,-104
0.72514,8.233,1.6802,98.611,-104
0.73683,8.3488,1.6951,98.72,-104
0.74717,8.4513,1.7083,98.824,-104
0.75941,8.5727,1.7241,98.933,-104
0.77048,8.6826,1.7385,99.037,-104
0.78159,8.793,1.753,99.141,-104
0.79304,8.9067,1.768,99.249,-104
0.80521,9.0278,1.7841,99.363,-104
0.81636,9.1388,1.7989,99.468,-104
0.82889,9.2635,1.8156,99.586,-104
0.84067,9.3808,1.8315,99.698,-104
0.85181,9.4918,1.8465,99.804,-104
0.86318,9.605,1.862,99.909,-104
0.87432,9.716,1.8772,100.01,-104
0.88577,9.8301,1.8929,100.12,-104
0.89754,9.9474,1.9092,100.23,-104
0.90996,10.071,1.9264,100.35,-104
0.92085,10.18,1.9416,100.45,-104
0.93512,10.322,1.9616,100.59,-104
0.94617,10.432,1.9771,100.71,-104
0.95698,10.539,1.9924,100.81,-104
0.97028,10.672,2.0113,100.92,-104
0.98197,10.788,2.0281,101.03,-104
0.99261,10.894,2.0433,101.13,-104
1.0044,11.011,2.0604,101.24,-104
1.0155,11.122,2.0765,101.34,-104
1.0271,11.237,2.0933,101.45,-104
1.0383,11.348,2.1096,101.56,-104
1.0494,11.458,2.126,101.66,-104
1.0607,11.571,2.1427,101.77,-104
1.0726,11.689,2.1603,101.88,-104
1.0839,11.801,2.1771,101.99,-104
1.0952,11.913,2.1938,102.09,-104
1.1068,12.028,2.2114,102.2,-104
1.1155,12.115,2.2244,102.3,-104
1.1288,12.246,2.2445,102.41,-104
1.1399,12.357,2.2614,102.51,-104
1.1509,12.465,2.2781,102.61,-104
1.1618,12.573,2.2947,102.72,-104
1.173,12.684,2.312,102.82,-104
1.1847,12.8,2.33,102.93,-104
1.1962,12.914,2.3479,103.04,-104
1.2075,13.026,2.3655,103.14,-104
1.2189,13.138,2.3832,103.25,-104
1.2303,13.251,2.4012,103.36,-104
1.2417,13.364,2.419,103.46,-104
1.2547,13.493,2.4397,103.59,-104
1.267,13.614,2.4591,103.7,-104
1.2781,13.724,2.4769,103.81,-104
1.2892,13.834,2.4947,103.91,-104
1.3005,13.945,2.5128,104.02,-104
1.3117,14.056,2.5309,104.12,-104
1.3226,14.164,2.5487,104.22,-104
1.3316,14.253,2.5632,104.33,-104
1.3426,14.362,2.5813,104.43,-104
1.3557,14.492,2.6027,104.53,-104
1.3646,14.579,2.6173,104.64,-104
1.378,14.711,2.6394,104.75,-104
1.389,14.82,2.6577,104.85,-104
1.4005,14.934,2.6768,104.95,-104
1.4115,15.042,2.6952,105.06,-104
1.4226,15.152,2.7138,105.16,-104
1.4337,15.262,2.7326,105.26,-104
1.4455,15.379,2.7526,105.38,-104
1.4567,15.49,2.7716,105.48,-104
1.4681,15.602,2.791,105.58,-104
1.4799,15.719,2.8112,105.69,-104
1.4916,15.835,2.8313,105.81,-104
1.5028,15.945,2.8506,105.91,-104
1.5143,16.059,2.8704,106.02,-104
1.5254,16.168,2.8897,106.13,-104
1.5364,16.278,2.9089,106.24,-104
1.5502,16.414,2.933,106.35,-104
1.5613,16.523,2.9525,106.46,-104
1.5724,16.633,2.9721,106.56,-104
1.5848,16.756,2.994,106.69,-104
1.596,16.866,3.0139,106.79,-104
1.6085,16.99,3.0361,106.9,-104
1.6203,17.107,3.0574,107.01,-104
1.6321,17.223,3.0784,107.12,-104
1.6436,17.338,3.0993,107.23,-104
1.6561,17.461,3.1218,107.35,-104
1.6674,17.572,3.1423,107.46,-104
1.6801,17.699,3.1656,107.58,-104
1.6915,17.811,3.1863,107.69,-104
1.7042,17.937,3.2097,107.8,-104
1.7152,18.045,3.2299,107.91,-104
1.7275,18.167,3.2527,108.02,-104
1.7385,18.276,3.2731,108.12,-104
1.7504,18.394,3.2954,108.23,-104
1.76,18.488,3.3132,108.34,-104
1.7732,18.62,3.3381,108.44,-104
1.7844,18.73,3.3591,108.55,-104
1.7959,18.844,3.3808,108.66,-104
1.8071,18.954,3.4019,108.76,-104
1.8159,19.042,3.4188,108.87,-104
1.8269,19.15,3.4396,108.97,-104
1.8401,19.281,3.4649,109.07,-104
1.8513,19.392,3.4864,109.18,-104
1.8627,19.505,3.5084,109.29,-104
1.8738,19.615,3.5298,109.39,-104
1.8849,19.725,3.5514,109.5,-104
1.8961,19.835,3.5731,109.6,-104
1.9077,19.95,3.5957,109.71,-104
1.9186,20.057,3.6169,109.82,-104
1.9296,20.166,3.6385,109.92,-104
1.941,20.279,3.6609,110.04,-104
1.9519,20.387,3.6824,110.14,-104
1.9628,20.495,3.704,110.24,-104
1.9758,20.624,3.7299,110.35,-104
1.9869,20.734,3.752,110.45,-104
1.9979,20.842,3.774,110.56,-104
2.0091,20.953,3.7964,110.66,-104
2.0204,21.065,3.8192,110.77,-104
2.0316,21.176,3.8418,110.87,-104
2.0426,21.285,3.864,110.98,-104
2.0517,21.375,3.8824,111.08,-104
2.0648,21.503,3.9089,111.19,-104
2.0758,21.612,3.9314,111.29,-104
2.0869,21.722,3.9541,111.39,-104
2.0976,21.829,3.9762,111.49,-104
2.1087,21.938,3.9989,111.6,-104
2.1197,22.047,4.0216,111.7,-104
2.1305,22.154,4.0441,111.8,-104
2.1419,22.266,4.0676,111.91,-104
2.1528,22.375,4.0904,112.01,-104
2.1636,22.482,4.1129,112.11,-104
2.1747,22.591,4.1361,112.22,-104
2.1857,22.7,4.1592,112.32,-104
2.1965,22.807,4.1818,112.42,-104
2.2076,22.917,4.2053,112.53,-104
2.2184,23.024,4.2282,112.63,-104
2.2293,23.131,4.2512,112.73,-104
2.2402,23.239,4.2744,112.84,-104
2.2513,23.349,4.2981,112.94,-104
2.2601,23.436,4.3169,113.04,-104
2.2715,23.549,4.3413,113.15,-104
2.2824,23.657,4.3648,113.25,-104
2.2954,23.785,4.3928,113.36,-104
2.3062,23.892,4.4161,113.46,-104
2.317,23.999,4.4396,113.56,-104
2.3281,24.108,4.4635,113.66,-104
2.3398,24.224,4.489,113.77,-104
2.3512,24.337,4.514,113.88,-104
2.3621,24.445,4.5379,113.98,-104
2.373,24.553,4.5618,114.09,-104
2.3844,24.666,4.5869,114.19,-104
2.3952,24.773,4.6105,114.3,-104
2.406,24.879,4.6341,114.4,-104
2.4167,24.985,4.6577,114.5,-104
2.4276,25.093,4.6815,114.6,-104
2.4391,25.207,4.7066,114.71,-104
2.4507,25.321,4.7314,114.82,-104
2.4631,25.444,4.7576,114.94,-104
2.4743,25.554,4.7807,115.04,-104
2.4852,25.662,4.8029,115.14,-104
2.4967,25.776,4.8256,115.25,-104
2.5075,25.884,4.8465,115.35,-104
2.5185,25.992,4.867,115.45,-104
2.5304,26.11,4.8888,115.57,-104
2.5429,26.233,4.9107,115.68,-104
2.5559,26.362,4.9329,115.81,-104
2.5674,26.476,4.9515,115.91,-104
2.5785,26.586,4.9692,116.02,-104
2.5899,26.698,4.9867,116.12,-104
2.6008,26.806,5.0028,116.22,-104
2.6119,26.916,5.0188,116.33,-104
2.6236,27.031,5.0349,116.44,-104
2.6349,27.143,5.0499,116.54,-104
2.6459,27.252,5.0641,116.64,-104
2.6569,27.361,5.0779,116.75,-104
2.6706,27.497,5.0944,116.87,-104
2.6817,27.607,5.1075,116.98,-104
2.6931,27.719,5.1204,117.09,-104
2.7041,27.828,5.1327,117.2,-104
2.7157,27.942,5.1453,117.31,-104
2.7273,28.057,5.1576,117.42,-104
2.7386,28.169,5.1692,117.52,-104
2.752,28.302,5.1827,117.63,-104
2.7609,28.39,5.1915,117.73,-104
2.7742,28.522,5.2042,117.83,-104
2.7853,28.631,5.2145,117.94,-104
2.7964,28.741,5.2245,118.05,-104
2.8074,28.85,5.2343,118.16,-104
2.8186,28.96,5.2438,118.26,-104
2.8319,29.093,5.2549,118.37,-104
2.8431,29.203,5.2639,118.47,-104
2.8542,29.312,5.2726,118.58,-104
2.8656,29.426,5.2812,118.68,-104
2.8768,29.536,5.2894,118.78,-104
2.888,29.647,5.2973,118.89,-104
2.899,29.756,5.3049,119,-104
2.9101,29.865,5.3122,119.1,-104
2.9213,29.976,5.3193,119.21,-104
2.9348,30.11,5.3276,119.31,-104
2.9463,30.224,5.3343,119.42,-104
2.9574,30.333,5.3405,119.52,-104
2.969,30.448,5.3467,119.63,-104
2.9802,30.559,5.3525,119.73,-104
2.9916,30.672,5.3581,119.84,-104
3.003,30.785,5.3633,119.94,-104
3.0148,30.901,5.3685,120.05,-104
3.0269,31.021,5.3736,120.17,-104
3.0383,31.134,5.3781,120.27,-104
3.0496,31.246,5.3822,120.38,-104
3.0618,31.366,5.3864,120.49,-104
3.0736,31.483,5.3902,120.6,-104
3.086,31.606,5.3939,120.71,-104
3.0975,31.719,5.397,120.82,-104
3.1091,31.834,5.3998,120.92,-104
3.1205,31.947,5.4024,121.04,-104
3.1321,32.062,5.4047,121.14,-104
3.1434,32.173,5.4067,121.25,-104
3.1548,32.287,5.4085,121.36,-104
3.1684,32.421,5.4103,121.47,-104
3.1795,32.531,5.4115,121.57,-104
3.1909,32.643,5.4124,121.69,-104
3.2032,32.765,5.4132,121.79,-104
3.2143,32.875,5.4136,121.89,-104
3.2256,32.987,5.4138,122,-104
3.2373,33.102,5.4138,122.11,-104
3.2486,33.214,5.4135,122.22,-104
3.2601,33.328,5.413,122.33,-104
3.2739,33.464,5.412,122.44,-104
3.2851,33.575,5.4109,122.55,-104
3.297,33.694,5.4095,122.66,-104
3.3099,33.821,5.4077,122.78,-104
3.3223,33.943,5.4057,122.89,-104
3.3337,34.056,5.4036,123,-104
3.345,34.167,5.4013,123.1,-104
3.3565,34.282,5.3987,123.21,-104
3.3681,34.396,5.3959,123.32,-104
3.3795,34.509,5.3928,123.42,-104
3.3909,34.622,5.3896,123.53,-104
3.4024,34.735,5.3861,123.63,-104
3.4136,34.847,5.3824,123.74,-104
3.4255,34.964,5.3783,123.85,-104
3.4374,35.082,5.3739,123.96,-104
3.4496,35.203,5.3692,124.07,-104
3.4608,35.314,5.3647,124.18,-104
3.4723,35.427,5.3598,124.28,-104
3.4836,35.539,5.3548,124.39,-104
3.4947,35.648,5.3498,124.49,-104
3.5078,35.778,5.3435,124.61,-104
3.5193,35.892,5.3377,124.72,-104
3.5306,36.004,5.3319,124.82,-104
3.5416,36.113,5.326,124.93,-104
3.553,36.225,5.3197,125.03,-104
3.5641,36.335,5.3134,125.14,-104
3.5754,36.447,5.3068,125.25,-104
3.5867,36.558,5.3,125.36,-104
3.6001,36.691,5.2917,125.47,-104
3.6113,36.802,5.2846,125.57,-104
3.6227,36.915,5.2772,125.68,-104
3.634,37.027,5.2696,125.79,-104
3.6454,37.14,5.2618,125.89,-104
3.6568,37.252,5.2539,126,-104
3.6692,37.375,5.2451,126.11,-104
3.6814,37.495,5.2361,126.23,-104
3.6992,37.671,5.2229,126.39,-104
3.7107,37.786,5.214,126.5,-104
3.722,37.897,5.2053,126.61,-104
3.7333,38.009,5.1964,126.71,-104
3.7444,38.119,5.1877,126.83,-104
3.7557,38.231,5.1788,126.93,-104
3.7672,38.344,5.1698,127.04,-104
3.7784,38.456,5.1609,127.14,-104
3.7897,38.567,5.1521,127.25,-104
3.8009,38.677,5.1435,127.35,-104
3.8135,38.802,5.1338,127.46,-104
3.8246,38.912,5.1254,127.56,-104
3.8356,39.021,5.1171,127.67,-104
3.847,39.134,5.1087,127.77,-104
3.8588,39.251,5.1,127.88,-104
3.872,39.381,5.0906,128.01,-104
3.8838,39.497,5.0823,128.12,-104
3.8952,39.61,5.0746,128.22,-104
3.9064,39.721,5.067,128.34,-104
3.9199,39.855,5.0581,128.46,-104
3.9346,40,5.0486,128.59,-104
3.9458,40.111,5.0414,128.7,-104
3.9571,40.223,5.0344,128.8,-104
3.9682,40.333,5.0275,128.91,-104
3.9795,40.445,5.0208,129.01,-104
3.991,40.559,5.014,129.12,-104
4.0043,40.69,5.0065,129.25,-104
4.0156,40.801,5.0002,129.35,-104
4.0269,40.913,4.994,129.46,-104
4.0377,41.02,4.9882,129.56,-104
4.0488,41.13,4.9823,129.67,-104
4.0603,41.244,4.9764,129.77,-104
4.0714,41.354,4.9708,129.88,-104
4.0828,41.466,4.9652,129.98,-104
4.0937,41.574,4.9599,130.09,-104
4.1048,41.684,4.9547,130.19,-104
4.1157,41.792,4.9497,130.3,-104
4.1269,41.903,4.9447,130.4,-104
4.1378,42.011,4.94,130.51,-104
4.1516,42.147,4.9342,130.62,-104
4.1641,42.271,4.9291,130.74,-104
4.1752,42.38,4.9248,130.84,-104
4.1866,42.493,4.9204,130.95,-104
4.1979,42.604,4.9163,131.06,-104
4.2105,42.73,4.9118,131.17,-104
4.2213,42.836,4.9081,131.27,-104
4.2325,42.947,4.9044,131.38,-104
4.2451,43.072,4.9003,131.5,-104
4.2574,43.193,4.8965,131.61,-104
4.2684,43.302,4.8932,131.73,-104
4.2802,43.419,4.8898,131.84,-104
4.2935,43.55,4.8861,131.95,-104
4.305,43.664,4.8831,132.06,-104
4.3167,43.78,4.8801,132.17,-104
4.3285,43.897,4.8771,132.28,-104
4.3409,44.019,4.8742,132.39,-104
4.3519,44.129,4.8716,132.5,-104
4.3644,44.251,4.8687,132.61,-104
4.3757,44.364,4.8662,132.72,-104
4.3873,44.478,4.8637,132.82,-104
4.3983,44.587,4.8613,132.94,-104
4.4098,44.701,4.8589,133.04,-104
4.4247,44.848,4.8559,133.17,-104
4.4358,44.959,4.8537,133.28,-104
4.4471,45.07,4.8516,133.38,-104
4.4593,45.191,4.8493,133.5,-104
4.4713,45.31,4.8471,133.61,-104
4.4831,45.426,4.8451,133.72,-104
4.4945,45.538,4.8431,133.83,-104
4.5069,45.661,4.8411,133.94,-104
4.5179,45.77,4.8393,134.04,-104
4.5292,45.882,4.8375,134.15,-104
4.5417,46.006,4.8356,134.27,-104
4.5544,46.131,4.8337,134.39,-104
4.5667,46.253,4.832,134.5,-104
4.5788,46.373,4.8304,134.63,-104
4.5922,46.505,4.8286,134.74,-104
4.6047,46.629,4.827,134.86,-104
4.6136,46.717,4.8259,134.96,-104
4.6282,46.862,4.8242,135.08,-104
4.6395,46.974,4.823,135.18,-104
4.6521,47.098,4.8216,135.3,-104
4.6642,47.217,4.8204,135.42,-104
4.6763,47.337,4.8192,135.53,-104
4.6884,47.457,4.8181,135.64,-104
4.7011,47.582,4.817,135.76,-104
4.7124,47.695,4.8161,135.86,-104
4.7236,47.805,4.8152,135.97,-104
4.7347,47.915,4.8144,136.07,-104
4.7465,48.032,4.8136,136.18,-104
4.7586,48.151,4.8129,136.29,-104
4.7709,48.273,4.8121,136.41,-104
4.7829,48.391,4.8115,136.52,-104
4.7959,48.52,4.8109,136.64,-104
4.8072,48.633,4.8103,136.75,-104
4.8185,48.744,4.8099,136.85,-104
4.8298,48.855,4.8095,136.96,-104
4.8411,48.968,4.8092,137.06,-104
4.8525,49.08,4.8089,137.17,-104
4.8638,49.192,4.8086,137.28,-104
4.8748,49.301,4.8084,137.38,-104
4.8874,49.425,4.8082,137.5,-104
4.8984,49.535,4.8081,137.6,-104
4.9096,49.645,4.8081,137.7,-104
4.9214,49.762,4.8081,137.81,-104
4.9329,49.875,4.8081,137.92,-104
4.9438,49.983,4.8082,138.02,-104
4.9534,50.078,4.8083,138.13,-104
4.9646,50.189,4.8085,138.24,-104
4.9758,50.3,4.8087,138.34,-104
4.9892,50.432,4.809,138.45,-104
5.0002,50.542,4.8093,138.55,-104
5.0112,50.65,4.8097,138.66,-104
5.0224,50.761,4.8101,138.76,-104
5.0336,50.872,4.8105,138.87,-104
5.0449,50.983,4.811,138.98,-104
5.056,51.094,4.8115,139.08,-104
5.0672,51.204,4.8121,139.19,-104
5.0784,51.315,4.8127,139.29,-104
5.0894,51.424,4.8134,139.4,-104
5.1004,51.533,4.8141,139.5,-104
5.1116,51.643,4.8148,139.6,-104
5.1226,51.752,4.8156,139.71,-104
5.1337,51.862,4.8164,139.81,-104
5.1474,51.997,4.8175,139.92,-104
5.1584,52.106,4.8183,140.03,-104
5.1694,52.215,4.8193,140.13,-104
5.1809,52.329,4.8203,140.24,-104
5.1923,52.441,4.8213,140.34,-104
5.2034,52.551,4.8224,140.44,-104
5.216,52.676,4.8236,140.56,-104
5.2273,52.788,4.8248,140.67,-104
5.2385,52.899,4.826,140.77,-104
5.2502,53.014,4.8272,140.88,-104
5.2598,53.11,4.8283,141,-104
5.2713,53.224,4.8296,141.1,-104
5.2831,53.339,4.831,141.21,-104
5.2943,53.45,4.8324,141.31,-104
5.3057,53.564,4.8338,141.42,-104
5.3195,53.7,4.8356,141.53,-104
5.3304,53.808,4.837,141.63,-104
5.3415,53.917,4.8385,141.73,-104
5.3537,54.038,4.8402,141.85,-104
5.3651,54.151,4.8418,141.96,-104
5.3767,54.265,4.8434,142.06,-104
5.3887,54.385,4.8452,142.19,-104
5.4008,54.504,4.847,142.3,-104
5.4138,54.633,4.8489,142.41,-104
5.4258,54.752,4.8508,142.52,-104
5.4387,54.879,4.8528,142.64,-104
5.4493,54.984,4.8545,142.75,-104
5.4634,55.123,4.8568,142.87,-104
5.4758,55.246,4.8587,142.99,-104
5.4884,55.371,4.8608,143.1,-104
5.5019,55.504,4.8629,143.23,-104
5.5143,55.627,4.8648,143.35,-104
5.5254,55.737,4.8666,143.45,-104
5.5366,55.848,4.8683,143.55,-104
5.5479,55.96,4.87,143.66,-104
5.5635,56.114,4.8723,143.81,-104
5.5751,56.228,4.874,143.91,-104
5.5863,56.339,4.8757,144.02,-104
5.5978,56.453,4.8773,144.12,-104
5.6091,56.565,4.8789,144.23,-104
5.6204,56.676,4.8805,144.34,-104
5.633,56.801,4.8822,144.45,-104
5.6443,56.913,4.8837,144.56,-104
5.6559,57.027,4.8852,144.67,-104
5.6671,57.139,4.8867,144.77,-104
5.682,57.286,4.8885,144.91,-104
5.6943,57.408,4.89,145.03,-104
5.7065,57.529,4.8915,145.14,-104
5.7153,57.615,4.8925,145.24,-104
5.7265,57.726,4.8938,145.35,-104
5.7385,57.844,4.8952,145.46,-104
5.7508,57.966,4.8965,145.57,-104
5.762,58.077,4.8977,145.68,-104
5.7742,58.198,4.899,145.79,-104
5.7852,58.307,4.9002,145.89,-104
5.7964,58.417,4.9013,146,-104
5.8075,58.527,4.9024,146.1,-104
5.8194,58.645,4.9035,146.21,-104
5.8335,58.784,4.9048,146.32,-104
5.8454,58.902,4.9058,146.43,-104
5.857,59.017,4.9068,146.54,-104
5.8697,59.142,4.9079,146.66,-104
5.8813,59.258,4.9088,146.77,-104
5.8949,59.392,4.9099,146.9,-104
5.9065,59.506,4.9107,147,-104
5.9175,59.615,4.9115,147.11,-104
5.9287,59.727,4.9123,147.21,-104
5.9382,59.82,4.913,147.32,-104
5.9495,59.932,4.9137,147.42,-104
5.9606,60.042,4.9144,147.53,-104
5.9742,60.176,4.9153,147.63,-104
5.9833,60.266,4.9158,147.74,-104
5.9947,60.379,4.9164,147.85,-104
6.0097,60.528,4.9172,147.97,-104
6.0218,60.647,4.9179,148.08,-104
6.0338,60.766,4.9185,148.19,-104
6.046,60.886,4.919,148.3,-104
6.0574,60.999,4.9195,148.41,-104
6.0694,61.118,4.9201,148.52,-104
6.0811,61.234,4.9205,148.63,-104
6.0926,61.348,4.921,148.74,-104
6.1038,61.458,4.9214,148.84,-104
6.1157,61.576,4.9218,148.96,-104
6.1272,61.69,4.9222,149.06,-104
6.1387,61.804,4.9225,149.17,-104
6.1698,62.111,4.9234,149.46,-104
6.1815,62.227,4.9237,149.57,-104
6.193,62.341,4.9239,149.68,-104
6.2044,62.453,4.9242,149.78,-104
6.2326,62.733,4.9247,150.04,-104
6.242,62.825,4.9249,150.15,-104
6.2531,62.935,4.925,150.25,-104
6.2672,63.075,4.9252,150.37,-104
6.2794,63.196,4.9254,150.48,-104
6.2908,63.308,4.9255,150.6,-104
6.3026,63.425,4.9256,150.71,-104
6.315,63.547,4.9257,150.82,-104
6.3274,63.67,4.9258,150.93,-104
6.3384,63.779,4.9258,151.03,-104
6.3495,63.889,4.9259,151.13,-104
6.361,64.002,4.9259,151.24,-104
6.3724,64.116,4.926,151.35,-104
6.3849,64.239,4.926,151.47,-104
6.3962,64.351,4.926,151.58,-104
6.418,64.566,4.926,151.77,-104
6.43,64.685,4.9259,151.88,-104
6.4413,64.797,4.9259,151.99,-104
6.4528,64.911,4.9258,152.1,-104
6.4616,64.997,4.9258,152.2,-104
6.4752,65.132,4.9257,152.31,-104
6.4871,65.25,4.9256,152.42,-104
6.4983,65.36,4.9255,152.52,-104
6.5107,65.483,4.9254,152.64,-104
6.5219,65.594,4.9253,152.74,-104
6.5342,65.716,4.9252,152.86,-104
6.5466,65.839,4.9251,152.97,-104
6.558,65.952,4.9249,153.08,-104
6.5716,66.086,4.9248,153.21,-104
6.5842,66.21,4.9246,153.32,-104
6.5965,66.332,4.9245,153.44,-104
6.6089,66.455,4.9243,153.55,-104
6.6201,66.566,4.9242,153.66,-104
6.6327,66.691,4.924,153.78,-104
6.6436,66.798,4.9238,153.89,-104
6.6549,66.91,4.9237,154,-104
6.6687,67.046,4.9235,154.11,-104
6.6798,67.156,4.9233,154.22,-104
6.6912,67.269,4.9231,154.32,-104
6.7023,67.378,4.9229,154.44,-104
6.7143,67.497,4.9227,154.54,-104
6.7274,67.627,4.9225,154.66,-104
6.7381,67.733,4.9223,154.76,-104
6.7495,67.846,4.9221,154.87,-104
6.7607,67.956,4.9219,154.97,-104
6.772,68.068,4.9218,155.08,-104
6.7833,68.18,4.9216,155.18,-104
6.7943,68.289,4.9214,155.28,-104
6.8057,68.402,4.9212,155.39,-104
6.817,68.513,4.921,155.5,-104
6.8285,68.627,4.9208,155.6,-104
6.8398,68.739,4.9206,155.71,-104
6.8508,68.847,4.9204,155.81,-104
6.8624,68.963,4.9202,155.92,-104
6.8741,69.079,4.9199,156.03,-104
6.8853,69.189,4.9197,156.13,-104
6.8963,69.298,4.9196,156.23,-104
6.9073,69.406,4.9194,156.34,-104
6.9184,69.517,4.9192,156.44,-104
6.9294,69.625,4.919,156.54,-104
6.9405,69.735,4.9188,156.65,-104
6.9517,69.846,4.9186,156.75,-104
6.9631,69.959,4.9184,156.86,-104
6.974,70.067,4.9182,156.96,-104
6.9851,70.176,4.918,157.06,-104
6.996,70.284,4.9178,157.16,-104
7.0068,70.391,4.9177,157.26,-104
7.0177,70.499,4.9175,157.37,-104
7.029,70.611,4.9173,157.47,-104
7.0402,70.722,4.9171,157.58,-104
7.0516,70.834,4.9169,157.68,-104
7.0604,70.921,4.9168,157.78,-104
7.0717,71.033,4.9166,157.89,-104
7.085,71.165,4.9164,157.99,-104
7.0962,71.276,4.9162,158.1,-104
7.1077,71.389,4.916,158.21,-104
7.1188,71.499,4.9159,158.32,-104
7.1299,71.608,4.9157,158.43,-104
7.1436,71.745,4.9155,158.54,-104
7.1547,71.853,4.9153,158.64,-104
7.1657,71.962,4.9151,158.75,-104
7.177,72.075,4.915,158.85,-104
7.1881,72.184,4.9148,158.96,-104
7.2006,72.308,4.9147,159.07,-104
7.212,72.421,4.9145,159.18,-104
7.226,72.559,4.9143,159.31,-104
7.2384,72.682,4.9141,159.43,-104
7.2497,72.793,4.914,159.53,-104
7.2605,72.901,4.9139,159.63,-104
7.2727,73.021,4.9137,159.75,-104
7.2851,73.144,4.9136,159.86,-104
7.2965,73.257,4.9134,159.97,-104
7.308,73.37,4.9133,160.07,-104
7.3193,73.482,4.9132,160.18,-104
7.3305,73.593,4.913,160.29,-104
7.342,73.707,4.9129,160.4,-104
7.3541,73.826,4.9128,160.51,-104
7.3655,73.939,4.9127,160.61,-104
7.3767,74.05,4.9126,160.72,-104
7.3878,74.16,4.9124,160.82,-104
7.3975,74.256,4.9123,160.93,-104
7.4117,74.396,4.9122,161.04,-104
7.4233,74.511,4.9121,161.15,-104
7.4355,74.632,4.912,161.26,-104
7.4467,74.742,4.9119,161.37,-104
7.458,74.854,4.9118,161.47,-104
7.4693,74.966,4.9117,161.58,-104
7.4804,75.075,4.9116,161.68,-104
7.4944,75.214,4.9115,161.81,-104
7.5063,75.332,4.9114,161.92,-104
7.518,75.448,4.9113,162.04,-104
7.5299,75.566,4.9113,162.15,-104
7.5411,75.676,4.9112,162.27,-104
7.5527,75.791,4.9111,162.37,-104
7.5662,75.924,4.911,162.48,-104
7.579,76.051,4.9109,162.6,-104
7.5911,76.171,4.9109,162.72,-104
7.6034,76.293,4.9108,162.83,-104
7.6155,76.412,4.9107,162.94,-104
7.627,76.526,4.9107,163.06,-104
7.6394,76.649,4.9106,163.17,-104
7.651,76.763,4.9105,163.28,-104
7.6626,76.878,4.9105,163.38,-104
7.6741,76.992,4.9104,163.5,-104
7.6877,77.127,4.9104,163.62,-104
7.6992,77.24,4.9103,163.72,-104
7.7115,77.362,4.9103,163.84,-104
7.7228,77.473,4.9102,163.94,-104
7.7345,77.59,4.9102,164.06,-104
7.7462,77.705,4.9102,164.16,-104
7.7581,77.823,4.9101,164.28,-104
7.7697,77.938,4.9101,164.38,-104
7.7813,78.052,4.9101,164.49,-104
7.7925,78.163,4.91,164.59,-104
7.8038,78.275,4.91,164.7,-104
7.815,78.386,4.91,164.81,-104
7.8298,78.532,4.9099,164.94,-104
7.8411,78.644,4.9099,165.05,-104
7.8591,78.821,4.9099,165.21,-104
7.883,79.058,4.9099,165.44,-104
7.9006,79.232,4.9098,165.6,-104
7.9115,79.34,4.9098,165.71,-104
7.9234,79.458,4.9098,165.81,-104
7.9352,79.574,4.9098,165.92,-104
7.9479,79.7,4.9098,166.04,-104
7.9596,79.816,4.9098,166.15,-104
7.9707,79.926,4.9098,166.26,-104
7.9818,80.036,4.9098,166.37,-104
7.9952,80.169,4.9098,166.49,-104
8.0062,80.277,4.9098,166.59,-104
8.0172,80.386,4.9098,166.69,-104
8.028,80.493,4.9098,166.79,-104
8.039,80.602,4.9098,166.89,-104
8.0499,80.709,4.9098,166.99,-104
8.0607,80.816,4.9098,167.09,-104
8.0716,80.924,4.9098,167.2,-104
8.0824,81.031,4.9098,167.3,-104
8.0933,81.138,4.9098,167.4,-104
8.1042,81.246,4.9098,167.5,-104
8.1151,81.355,4.9098,167.6,-104
8.1261,81.463,4.9098,167.71,-104
8.1369,81.57,4.9098,167.81,-104
8.1479,81.678,4.9098,167.91,-104
8.1587,81.785,4.9098,168.01,-104
8.1695,81.892,4.9098,168.11,-104
8.1803,81.999,4.9098,168.21,-104
8.1911,82.106,4.9098,168.31,-104
8.2019,82.213,4.9099,168.41,-104
8.2127,82.32,4.9099,168.51,-104
8.2235,82.426,4.9099,168.61,-104
8.2343,82.533,4.9099,168.72,-104
8.2451,82.641,4.9099,168.82,-104
8.2561,82.749,4.9099,168.92,-104
8.267,82.857,4.9099,169.02,-104
8.2782,82.967,4.9099,169.13,-104
8.2907,83.091,4.91,169.25,-104
8.3021,83.204,4.91,169.35,-104
8.3137,83.319,4.91,169.46,-104
8.3248,83.429,4.91,169.57,-104
8.3365,83.544,4.91,169.67,-104
8.3481,83.66,4.91,169.78,-104
8.3593,83.77,4.9101,169.88,-104
8.3704,83.88,4.9101,169.99,-104
8.3814,83.989,4.9101,170.09,-104
8.3928,84.101,4.9101,170.19,-104
8.4038,84.21,4.9101,170.3,-104
8.415,84.321,4.9101,170.4,-104
8.426,84.43,4.9102,170.5,-104
8.437,84.539,4.9102,170.61,-104
8.4485,84.652,4.9102,170.72,-104
8.4598,84.765,4.9102,170.82,-104
8.4714,84.879,4.9102,170.93,-104
8.4829,84.993,4.9103,171.03,-104
8.4942,85.104,4.9103,171.14,-104
8.5058,85.22,4.9103,171.25,-104
8.5176,85.336,4.9103,171.36,-104
8.5296,85.454,4.9103,171.47,-104
8.5409,85.566,4.9103,171.58,-104
8.552,85.677,4.9104,171.68,-104
8.5632,85.787,4.9104,171.78,-104
8.5744,85.898,4.9104,171.89,-104
8.5833,85.986,4.9104,171.99,-104
8.5965,86.117,4.9104,172.09,-104
8.6054,86.205,4.9105,172.2,-104
8.6186,86.335,4.9105,172.3,-104
8.6297,86.445,4.9105,172.4,-104
8.6409,86.556,4.9105,172.51,-104
8.6524,86.669,4.9105,172.61,-104
8.6639,86.783,4.9105,172.72,-104
8.6763,86.906,4.9106,172.84,-104
8.6873,87.014,4.9106,172.94,-104
8.6982,87.122,4.9106,173.04,-104
8.7072,87.211,4.9106,173.15,-104
8.7206,87.344,4.9106,173.25,-104
8.7318,87.454,4.9106,173.35,-104
8.7406,87.542,4.9107,173.46,-104
8.7536,87.671,4.9107,173.56,-104
8.7647,87.78,4.9107,173.66,-104
8.7739,87.871,4.9107,173.77,-104
8.785,87.981,4.9107,173.88,-104
8.7966,88.096,4.9107,173.98,-104
8.8079,88.208,4.9107,174.09,-104
8.8231,88.358,4.9108,174.21,-104
8.8355,88.48,4.9108,174.32,-104
8.8466,88.591,4.9108,174.43,-104
8.8578,88.701,4.9108,174.53,-104
8.8704,88.826,4.9108,174.65,-104
8.8814,88.935,4.9108,174.75,-104
8.8929,89.049,4.9109,174.86,-104
8.9037,89.155,4.9109,174.96,-104
8.9148,89.265,4.9109,175.08,-104
8.9265,89.38,4.9109,175.18,-104
8.9374,89.489,4.9109,175.29,-104
8.9508,89.622,4.9109,175.4,-104
8.9627,89.739,4.9109,175.51,-104
8.9738,89.849,4.9109,175.61,-104
8.9849,89.958,4.911,175.72,-104
8.9958,90.067,4.911,175.82,-104
9.007,90.177,4.911,175.93,-104
9.018,90.286,4.911,176.03,-104
9.0291,90.395,4.911,176.14,-104
9.04,90.503,4.911,176.25,-104
9.0512,90.614,4.911,176.35,-104
9.0643,90.744,4.911,176.46,-104
9.0756,90.855,4.911,176.56,-104
9.087,90.968,4.911,176.67,-104
9.0989,91.086,4.9111,176.78,-104
9.1107,91.203,4.9111,176.89,-104
9.122,91.314,4.9111,177,-104
9.1334,91.427,4.9111,177.11,-104
9.1445,91.537,4.9111,177.21,-104
9.1554,91.645,4.9111,177.32,-104
9.1667,91.756,4.9111,177.43,-104
9.178,91.869,4.9111,177.54,-104
9.1923,92.01,4.9111,177.65,-104
9.2044,92.13,4.9111,177.76,-104
9.2157,92.242,4.9111,177.87,-104
9.2273,92.357,4.9111,177.98,-104
9.2386,92.468,4.9111,178.08,-104
9.2506,92.586,4.9111,178.19,-104
9.2633,92.712,4.9112,178.31,-104
9.2748,92.826,4.9112,178.42,-104
9.2869,92.946,4.9112,178.53,-104
9.2981,93.057,4.9112,178.64,-104
9.3092,93.167,4.9112,178.74,-104
9.3203,93.277,4.9112,178.84,-104
9.3318,93.39,4.9112,178.95,-104
9.3441,93.512,4.9112,179.07,-104
9.356,93.63,4.9112,179.18,-104
9.3669,93.738,4.9112,179.28,-104
9.3766,93.833,4.9112,179.39,-104
9.3911,93.977,4.9112,179.5,-104
9.4029,94.094,4.9112,179.62,-104
9.4139,94.203,4.9112,179.72,-104
9.4268,94.33,4.9113,179.84,-104
9.4379,94.439,4.9114,179.94,-104
9.4502,94.561,4.9115,180.06,-104
9.4609,94.668,4.9116,180.16,-104
9.4716,94.773,4.9118,180.27,-104
9.482,94.876,4.9121,180.37,-104
9.493,94.984,4.9123,180.48,-104
9.5034,95.088,4.9127,180.59,-104
9.5138,95.19,4.9131,180.69,-104
9.5239,95.29,4.9135,180.79,-104
9.5347,95.397,4.9141,180.91,-104
9.5445,95.494,4.9146,181.01,-104
9.5541,95.589,4.9153,181.12,-104
9.5632,95.679,4.9159,181.22,-104
9.5705,95.751,4.9165,181.32,-104
9.5816,95.862,4.9174,181.44,-104
9.5917,95.961,4.9184,181.55,-104
9.6009,96.052,4.9194,181.66,-104
9.6101,96.143,4.9204,181.77,-104
9.6192,96.233,4.9215,181.89,-104
9.6282,96.322,4.9227,182.01,-104
9.6371,96.41,4.924,182.12,-104
9.6456,96.494,4.9253,182.24,-104
9.654,96.577,4.9267,182.36,-104
9.662,96.656,4.9281,182.47,-104
9.6697,96.733,4.9295,182.59,-104
9.6768,96.803,4.9309,182.7,-104
9.6834,96.868,4.9323,182.8,-104
9.6901,96.934,4.9337,182.91,-104
9.6962,96.995,4.9351,183.01,-104
9.7021,97.053,4.9365,183.12,-104
9.7081,97.112,4.938,183.22,-104
9.714,97.171,4.9395,183.33,-104
9.7205,97.236,4.9413,183.45,-104
9.7261,97.291,4.9428,183.56,-104
9.7316,97.345,4.9444,183.67,-104
9.7366,97.394,4.9459,183.77,-104
9.742,97.448,4.9475,183.89,-104
9.7467,97.495,4.9491,183.99,-104
9.7516,97.543,4.9507,184.1,-104
9.7564,97.59,4.9523,184.22,-104
9.7614,97.64,4.954,184.34,-104
9.7659,97.684,4.9557,184.46,-104
9.7705,97.73,4.9574,184.58,-104
9.7746,97.77,4.959,184.69,-104
9.7788,97.811,4.9606,184.8,-104
9.7825,97.848,4.9621,184.91,-104
9.7861,97.884,4.9636,185.02,-104
9.7895,97.918,4.9651,185.13,-104
9.7931,97.954,4.9666,185.25,-104
9.7964,97.986,4.9681,185.35,-104
9.7997,98.018,4.9696,185.47,-101.8
9.8027,98.048,4.971,185.57,-95.214
9.8056,98.077,4.9724,185.68,-88.64
9.8084,98.105,4.9737,185.79,-82.517
9.811,98.13,4.975,185.89,-76.796
9.8139,98.159,4.9765,186.01,-70.291
9.8163,98.183,4.9777,186.11,-64.892
9.8187,98.207,4.979,186.22,-59.598
9.821,98.229,4.9802,186.32,-54.477
9.8233,98.252,4.9814,186.43,-49.421
9.8254,98.273,4.9825,186.53,-44.68
9.8275,98.293,4.9837,186.63,-40.018
9.8295,98.313,4.9848,186.74,-35.551
9.8314,98.333,4.9859,186.84,-31.168
9.8334,98.352,4.987,186.95,-26.654
9.8355,98.373,4.9882,187.06,-22.062
9.8372,98.39,4.9893,187.17,-18.098
9.8391,98.408,4.9904,187.28,-13.93
9.8407,98.424,4.9914,187.38,-10.215
9.8423,98.44,4.9924,187.48,-6.5742
9.8439,98.456,4.9933,187.59,-2.9792
9.8454,98.471,4.9943,187.69,0.49265
9.8469,98.486,4.9952,187.8,3.8393
9.8483,98.5,4.9962,187.9,7.1272
9.8494,98.511,4.9969,188,9.66
9.8511,98.527,4.998,188.11,13.49
9.8524,98.54,4.9988,188.22,16.426
9.8538,98.553,4.9997,188.33,19.592
9.8551,98.566,5.0006,188.44,22.583
9.8562,98.578,5.0014,188.54,25.314
9.8575,98.59,5.0022,188.65,28.14
9.8585,98.601,5.003,188.76,30.629
9.8596,98.611,5.0037,188.86,33.137
9.8607,98.622,5.0045,188.97,35.738
9.8617,98.632,5.0052,189.07,38.119
9.8627,98.642,5.0059,189.18,40.427
9.8637,98.651,5.0066,189.28,42.712
9.8646,98.661,5.0073,189.39,44.963
9.8655,98.67,5.008,189.49,47.11
9.8664,98.679,5.0086,189.6,49.203
9.8673,98.687,5.0092,189.7,51.252
9.8682,98.696,5.0099,189.82,53.487
9.869,98.704,5.0105,189.93,55.444
9.8699,98.713,5.0112,190.04,57.491
9.8706,98.72,5.0118,190.15,59.332
9.8714,98.728,5.0123,190.25,61.146
9.8722,98.736,5.0129,190.37,63.069
9.8729,98.742,5.0134,190.47,64.726
9.8735,98.749,5.0139,190.58,66.39
9.8742,98.756,5.0144,190.68,68.009
9.8748,98.762,5.0149,190.79,69.564
9.8755,98.768,5.0154,190.9,71.145
9.8761,98.774,5.0159,191,72.653
9.8767,98.78,5.0164,191.12,74.226
9.8773,98.786,5.0168,191.22,75.64
9.8778,98.791,5.0172,191.32,77.019
9.8784,98.797,5.0177,191.43,78.387
9.8789,98.802,5.0181,191.53,79.701
9.8794,98.807,5.0185,191.64,80.995
9.8798,98.811,5.0188,191.74,81.999
9.8804,98.816,5.0192,191.85,83.459
9.8808,98.821,5.0196,191.95,84.651
9.8813,98.826,5.02,192.07,85.862
9.8817,98.83,5.0203,192.17,87.03
9.8822,98.834,5.0207,192.28,88.172
9.8826,98.839,5.021,192.39,89.278
9.883,98.843,5.0213,192.5,90.344
9.8834,98.847,5.0216,192.6,91.389
9.8838,98.85,5.0219,192.71,92.411
9.8842,98.855,5.0223,192.82,93.613
9.8846,98.858,5.0226,192.92,94.6
9.885,98.862,5.0229,193.04,95.591
9.8853,98.865,5.0232,193.15,96
9.8857,98.869,5.0234,193.25,96
9.886,98.872,5.0237,193.37,96
9.8864,98.876,5.024,193.49,96
9.8868,98.88,5.0243,193.62,96
9.8871,98.883,5.0246,193.72,96
9.8874,98.886,5.0248,193.83,96
9.8876,98.889,5.025,193.94,96
9.8879,98.891,5.0252,194.04,96
9.8882,98.894,5.0255,194.14,96
9.8885,98.897,5.0257,194.24,96
9.8887,98.899,5.0259,194.35,96
9.889,98.902,5.0261,194.47,96
9.8892,98.904,5.0263,194.57,96
9.8894,98.906,5.0265,194.68,96
9.8897,98.909,5.0266,194.78,96
9.8899,98.911,5.0268,194.89,96
9.8902,98.913,5.027,195,96
9.8904,98.915,5.0272,195.1,96
9.8906,98.917,5.0273,195.2,96
9.8908,98.919,5.0275,195.32,96
9.891,98.922,5.0277,195.43,96
9.8912,98.924,5.0278,195.54,96
9.8914,98.926,5.028,195.65,96
9.8916,98.927,5.0281,195.75,96
9.8917,98.929,5.0283,195.86,96
9.8919,98.931,5.0284,195.96,96
9.8921,98.933,5.0285,196.07,96
9.8923,98.934,5.0287,196.17,96
9.8924,98.936,5.0288,196.28,96
9.8926,98.937,5.0289,196.38,96
9.8927,98.939,5.029,196.49,96
9.8929,98.94,5.0291,196.59,96
9.893,98.941,5.0292,196.71,96
9.8932,98.943,5.0294,196.81,96
9.8933,98.945,5.0295,196.92,96
9.8934,98.946,5.0296,197.03,96
9.8936,98.947,5.0297,197.13,96
9.8937,98.948,5.0298,197.23,96
9.8938,98.95,5.0299,197.34,96
9.894,98.951,5.03,197.46,96
9.8941,98.952,5.03,197.57,96
9.8942,98.953,5.0301,197.68,96
9.8943,98.955,5.0302,197.78,96
9.8944,98.956,5.0303,197.88,96
9.8945,98.957,5.0304,198,96
9.8946,98.958,5.0305,198.1,96
9.8947,98.959,5.0305,198.21,96
9.8948,98.96,5.0306,198.32,96
9.8949,98.961,5.0307,198.43,96
9.895,98.962,5.0308,198.53,96
9.8951,98.963,5.0308,198.64,96
9.8952,98.964,5.0309,198.76,96
9.8953,98.965,5.031,198.87,96
9.8954,98.965,5.031,198.98,96
9.8955,98.966,5.0311,199.09,96
9.8956,98.967,5.0312,199.2,96
9.8957,98.968,5.0312,199.31,96
9.8957,98.969,5.0313,199.41,96
9.8958,98.97,5.0313,199.53,96
9.8959,98.97,5.0314,199.65,96
9.896,98.971,5.0314,199.77,96
9.8961,98.972,5.0315,199.87,96
9.8961,98.972,5.0315,199.99,96
9.8962,98.973,5.0316,200.11,96
9.8963,98.974,5.0316,200.21,96
9.8963,98.974,5.0317,200.31,96
9.8964,98.975,5.0317,200.42,96
9.8964,98.976,5.0318,200.53,96
9.8965,98.976,5.0318,200.64,96
9.8966,98.977,5.0318,200.75,96
9.8966,98.977,5.0319,200.86,96
9.8967,98.978,5.0319,200.96,96
9.8967,98.978,5.032,201.07,96
9.8968,98.979,5.032,201.17,96
9.8968,98.98,5.032,201.29,96
9.8969,98.98,5.0321,201.39,96
9.8969,98.98,5.0321,201.5,96
9.897,98.981,5.0321,201.6,96
9.897,98.981,5.0322,201.72,96
9.8971,98.982,5.0322,201.83,96
9.8971,98.982,5.0322,201.93,96
9.8972,98.983,5.0322,202.04,96
9.8972,98.983,5.0323,202.14,96
9.8972,98.984,5.0323,202.25,96
9.8973,98.984,5.0323,202.35,96
9.8973,98.984,5.0323,202.45,96
9.8974,98.985,5.0324,202.56,96
9.8974,98.985,5.0324,202.66,96
9.8974,98.985,5.0324,202.77,96
9.8975,98.986,5.0324,202.87,96
9.8975,98.986,5.0324,202.97,96
9.8975,98.986,5.0325,203.08,96
9.8976,98.987,5.0325,203.18,96
9.8976,98.987,5.0325,203.29,96
9.8976,98.987,5.0325,203.4,96
9.8977,98.988,5.0325,203.5,96
9.8977,98.988,5.0326,203.61,96
9.8977,98.988,5.0326,203.71,96
9.8978,98.989,5.0326,203.82,96
9.8978,98.989,5.0326,203.92,96
9.8978,98.989,5.0326,204.03,96
9.8978,98.989,5.0327,204.14,96
9.8979,98.99,5.0327,204.25,96
9.8979,98.99,5.0327,204.35,96
9.8979,98.99,5.0327,204.46,96
9.8979,98.99,5.0327,204.56,96
9.898,98.991,5.0327,204.66,96
9.898,98.991,5.0327,204.76,96
9.898,98.991,5.0327,204.87,96
9.898,98.991,5.0328,204.97,96
9.8981,98.992,5.0328,205.08,96
9.8981,98.992,5.0328,205.18,96
9.8981,98.992,5.0328,205.28,96
9.8981,98.992,5.0328,205.39,96
9.8981,98.992,5.0328,205.49,96
9.8982,98.993,5.0328,205.6,96
9.8982,98.993,5.0328,205.71,96
9.8982,98.993,5.0328,205.81,96
9.8982,98.993,5.0329,205.91,96
9.8982,98.993,5.0329,206.02,96
9.8982,98.993,5.0329,206.13,96
9.8983,98.994,5.0329,206.23,96
9.8983,98.994,5.0329,206.33,96
9.8983,98.994,5.0329,206.44,96
9.8983,98.994,5.0329,206.54,96
9.8983,98.994,5.0329,206.65,96
9.8984,98.994,5.0329,206.76,96
9.8984,98.995,5.0329,206.87,96
9.8984,98.995,5.0329,206.97,96
9.8984,98.995,5.033,207.07,96
9.8984,98.995,5.033,207.19,96
9.8984,98.995,5.033,207.29,96
9.8984,98.995,5.033,207.4,96
9.8985,98.996,5.033,207.5,96
9.8985,98.996,5.033,207.61,96
9.8985,98.996,5.033,207.72,96
9.8985,98.996,5.033,207.82,96
9.8985,98.996,5.033,207.93,96
9.8985,98.996,5.033,208.05,96
9.8985,98.996,5.033,208.15,96
9.8985,98.996,5.033,208.26,96
9.8986,98.997,5.033,208.37,96
9.8986,98.997,5.033,208.47,96
9.8986,98.997,5.033,208.58,96
9.8986,98.997,5.033,208.69,96
9.8986,98.997,5.033,208.8,96
9.8986,98.997,5.033,208.91,96
9.8986,98.997,5.0331,209.01,96
9.8986,98.997,5.0331,209.11,96
9.8986,98.997,5.0331,209.22,96
9.8987,98.998,5.0331,209.32,96
9.8987,98.998,5.0331,209.42,96
9.8987,98.998,5.0331,209.53,96
9.8987,98.998,5.0331,209.64,96
9.8987,98.998,5.0331,209.74,96
9.8987,98.998,5.0331,209.86,96
9.8987,98.998,5.0331,209.96,96
9.8987,98.998,5.0331,210.07,96
9.8987,98.998,5.0331,210.17,96
9.8987,98.998,5.0331,210.28,96
9.8988,98.998,5.0331,210.38,96
9.8988,98.999,5.0331,210.49,96
9.8988,98.999,5.0331,210.59,96
9.8988,98.999,5.0331,210.7,96
9.8988,98.999,5.0331,210.8,96
9.8988,98.999,5.0331,210.91,96
9.8988,98.999,5.0331,211.02,96
9.8988,98.999,5.0331,211.13,96
9.8988,98.999,5.0331,211.24,96
9.8988,98.999,5.0331,211.34,96
9.8988,98.999,5.0331,211.46,96
9.8988,98.999,5.0331,211.56,96
9.8988,98.999,5.0331,211.68,96
9.8989,98.999,5.0331,211.79,96
9.8989,99,5.0331,211.9,96
9.8989,99,5.0331,212.02,96
9.8989,99,5.0331,212.14,96
9.8989,99,5.0331,212.25,96
9.8989,99,5.0331,212.35,96
9.8989,99,5.0331,212.46,96
9.8989,99,5.0331,212.56,96
9.8989,99,5.0331,212.67,96
9.8989,99,5.0331,212.78,96
9.8989,99,5.0332,212.88,96
9.8989,99,5.0332,212.98,96
9.8989,99,5.0332,213.09,96
9.8989,99,5.0332,213.19,96
9.8989,99,5.0332,213.29,96
9.899,99,5.0332,213.4,96
9.899,99.001,5.0332,213.5,96
9.899,99.001,5.0332,213.6,96
9.899,99.001,5.0332,213.71,96
9.899,99.001,5.0332,213.81,96
9.899,99.001,5.0332,213.92,96
9.899,99.001,5.0332,214.02,96
9.899,99.001,5.0332,214.14,96
9.899,99.001,5.0332,214.25,96
9.899,99.001,5.0332,214.36,96
9.899,99.001,5.0332,214.47,96
9.899,99.001,5.0332,214.58,96
9.899,99.001,5.0332,214.68,96
9.899,99.001,5.0332,214.79,96
9.899,99.001,5.0332,214.9,96
9.899,99.001,5.0332,215,96
9.899,99.001,5.0332,215.12,96
9.899,99.001,5.0332,215.24,96
9.8991,99.001,5.0332,215.35,96
9.8991,99.001,5.0332,215.46,96
9.8991,99.002,5.0332,215.58,96
9.8991,99.002,5.0332,215.7,96
9.8991,99.002,5.0332,215.81,96
9.8991,99.002,5.0332,215.92,96
9.8991,99.002,5.0332,216.03,96
9.8991,99.002,5.0332,216.13,96
9.8991,99.002,5.0332,216.24,96
9.8991,99.002,5.0332,216.35,96
9.8991,99.002,5.0332,216.46,96
9.8991,99.002,5.0332,216.56,96
9.8991,99.002,5.0332,216.67,96
9.8991,99.002,5.0332,216.78,96
9.8991,99.002,5.0332,216.88,96
9.8991,99.002,5.0332,217.02,96
9.8991,99.002,5.0332,217.13,96
9.8991,99.002,5.0332,217.24,96
9.8991,99.002,5.0332,217.35,96
9.8991,99.002,5.0332,217.46,96
9.8991,99.002,5.0332,217.56,96
9.8992,99.002,5.0332,217.68,96
9.8992,99.002,5.0332,217.78,96
9.8992,99.002,5.0332,217.89,96
9.8992,99.003,5.0332,218,96
9.8992,99.003,5.0332,218.1,96
9.8992,99.003,5.0332,218.2,96
9.8992,99.003,5.0332,218.31,96
9.8992,99.003,5.0332,218.41,96
9.8992,99.003,5.0332,218.51,96
9.8992,99.003,5.0332,218.62,96
9.8992,99.003,5.0332,218.72,96
9.8992,99.003,5.0332,218.83,96
9.8992,99.003,5.0332,218.94,96
9.8992,99.003,5.0332,219.05,96
9.8992,99.003,5.0332,219.15,96
9.8992,99.003,5.0332,219.26,96
9.8992,99.003,5.0332,219.37,96
9.8992,99.003,5.0332,219.48,96
9.8992,99.003,5.0332,219.58,96
9.8992,99.003,5.0332,219.69,96
9.8992,99.003,5.0332,219.79,96
9.8992,99.003,5.0332,219.9,96
9.8992,99.003,5.0332,220.01,96
9.8992,99.003,5.0332,220.12,96
9.8992,99.003,5.0332,220.22,96
9.8993,99.003,5.0332,220.33,96
9.8993,99.003,5.0332,220.43,96
9.8993,99.003,5.0332,220.54,96
9.8993,99.004,5.0332,220.64,96
9.8993,99.004,5.0332,220.74,96
9.8993,99.004,5.0332,220.84,96
9.8993,99.004,5.0332,220.95,96
9.8993,99.004,5.0332,221.06,96
9.8993,99.004,5.0332,221.16,96
9.8993,99.004,5.0332,221.27,96
9.8993,99.004,5.0332,221.37,96
9.8993,99.004,5.0332,221.48,96
9.8993,99.004,5.0332,221.58,96
9.8993,99.004,5.0332,221.69,96
9.8993,99.004,5.0332,221.8,96
9.8993,99.004,5.0332,221.91,96
9.8993,99.004,5.0332,222.01,96
9.8993,99.004,5.0332,222.12,96
9.8993,99.004,5.0332,222.22,96
9.8993,99.004,5.0332,222.33,96
9.8993,99.004,5.0332,222.45,96
9.8993,99.004,5.0332,222.56,96
9.8993,99.004,5.0332,222.66,96
9.8993,99.004,5.0332,222.78,96
9.8993,99.004,5.0332,222.88,96
9.8993,99.004,5.0332,222.99,96
9.8993,99.004,5.0332,223.1,96
9.8994,99.004,5.0332,223.21,96
9.8994,99.004,5.0332,223.32,96
9.8994,99.004,5.0332,223.43,96
9.8994,99.004,5.0332,223.53,96
9.8994,99.005,5.0332,223.64,96
9.8994,99.005,5.0332,223.76,96
9.8994,99.005,5.0332,223.87,96
9.8994,99.005,5.0332,223.97,96
9.8994,99.005,5.0332,224.08,96
9.8994,99.005,5.0332,224.18,96
9.8994,99.005,5.0332,224.29,96
9.8994,99.005,5.0332,224.39,96
9.8994,99.005,5.0332,224.49,96
9.8994,99.005,5.0332,224.6,96
9.8994,99.005,5.0332,224.72,96
9.8994,99.005,5.0332,224.82,96
9.8994,99.005,5.0332,224.94,96
9.8994,99.005,5.0332,225.05,96
9.8994,99.005,5.0332,225.16,96
9.8994,99.005,5.0332,225.27,96
9.8994,99.005,5.0332,225.37,96
9.8994,99.005,5.0332,225.48,96
9.8994,99.005,5.0332,225.58,96
9.8994,99.005,5.0332,225.68,96
9.8994,99.005,5.0332,225.78,96
9.8994,99.005,5.0332,225.89,96
9.8994,99.005,5.0332,226,96
9.8994,99.005,5.0332,226.1,96
9.8995,99.005,5.0332,226.2,96
9.8995,99.005,5.0332,226.31,96
9.8995,99.005,5.0332,226.41,96
9.8995,99.005,5.0332,226.51,96
9.8995,99.005,5.0332,226.63,96
9.8995,99.006,5.0332,226.74,96
9.8995,99.006,5.0332,226.84,96
9.8995,99.006,5.0332,226.95,96
9.8995,99.006,5.0332,227.05,96
9.8995,99.006,5.0332,227.17,96
9.8995,99.006,5.0332,227.27,96
9.8995,99.006,5.0332,227.38,96
9.8995,99.006,5.0332,227.5,96
9.8995,99.006,5.0332,227.6,96
9.8995,99.006,5.0332,227.7,96
9.8995,99.006,5.0332,227.81,96
9.8995,99.006,5.0332,227.91,96
9.8995,99.006,5.0332,228.01,96
9.8995,99.006,5.0332,228.12,96
9.8995,99.006,5.0332,228.22,96
9.8995,99.006,5.0332,228.33,96
9.8995,99.006,5.0332,228.44,96
9.8995,99.006,5.0332,228.54,96
9.8995,99.006,5.0332,228.65,96
9.8995,99.006,5.0332,228.76,96
9.8995,99.006,5.0332,228.86,96
9.8995,99.006,5.0332,228.96,96
9.8995,99.006,5.0332,229.07,96
9.8995,99.006,5.0332,229.18,96
9.8995,99.006,5.0332,229.28,96
9.8996,99.006,5.0332,229.38,96
9.8996,99.006,5.0332,229.49,96
9.8996,99.006,5.0332,229.59,96
9.8996,99.006,5.0332,229.7,96
9.8996,99.007,5.0332,229.81,96
9.8996,99.007,5.0332,229.91,96
9.8996,99.007,5.0332,230.01,96
9.8996,99.007,5.0332,230.12,96
9.8996,99.007,5.0332,230.22,96
9.8996,99.007,5.0332,230.33,96
9.8996,99.007,5.0332,230.43,96
9.8996,99.007,5.0332,230.54,96
9.8996,99.007,5.0332,230.64,96
9.8996,99.007,5.0332,230.74,96
9.8996,99.007,5.0332,230.84,96
9.8996,99.007,5.0332,230.95,96
9.8996,99.007,5.0332,231.06,96
9.8996,99.007,5.0332,231.16,96
9.8996,99.007,5.0332,231.27,96
9.8996,99.007,5.0332,231.37,96
9.8996,99.007,5.0332,231.49,96
9.8996,99.007,5.0332,231.59,96
9.8996,99.007,5.0332,231.69,96
9.8996,99.007,5.0332,231.81,96
9.8996,99.007,5.0332,231.91,96
9.8996,99.007,5.0332,232.02,96
9.8996,99.007,5.0332,232.13,96
9.8996,99.007,5.0332,232.23,96
9.8996,99.007,5.0332,232.33,96
9.8997,99.007,5.0332,232.44,96
9.8997,99.007,5.0332,232.55,96
9.8997,99.007,5.0332,232.65,96
9.8997,99.007,5.0332,232.75,96
9.8997,99.007,5.0332,232.86,96
9.8997,99.007,5.0332,232.96,96
9.8997,99.008,5.0332,233.06,96
9.8997,99.008,5.0332,233.17,96
9.8997,99.008,5.0332,233.28,96
9.8997,99.008,5.0332,233.38,96
9.8997,99.008,5.0332,233.49,96
9.8997,99.008,5.0332,233.59,96
9.8997,99.008,5.0332,233.69,96
9.8997,99.008,5.0332,233.8,96
9.8997,99.008,5.0332,233.91,96
9.8997,99.008,5.0332,234.01,96
9.8997,99.008,5.0332,234.11,96
9.8997,99.008,5.0332,234.22,96
9.8997,99.008,5.0332,234.32,96
9.8997,99.008,5.0332,234.43,96
9.8997,99.008,5.0332,234.53,96
9.8997,99.008,5.0332,234.64,96
9.8997,99.008,5.0332,234.74,96
9.8997,99.008,5.0332,234.85,96
9.8997,99.008,5.0332,234.96,96
9.8997,99.008,5.0332,235.06,96
9.8997,99.008,5.0332,235.17,96
9.8997,99.008,5.0332,235.27,96
9.8997,99.008,5.0332,235.39,96
9.8997,99.008,5.0332,235.5,96
9.8997,99.008,5.0332,235.61,96
9.8998,99.008,5.0332,235.71,96
9.8998,99.008,5.0332,235.82,96
9.8998,99.008,5.0332,235.93,96
9.8998,99.008,5.0332,236.03,96
9.8998,99.008,5.0332,236.14,96
9.8998,99.009,5.0332,236.24,96
9.8998,99.009,5.0332,236.35,96
9.8998,99.009,5.0332,236.46,96
9.8998,99.009,5.0332,236.57,96
9.8998,99.009,5.0332,236.68,96
9.8998,99.009,5.0332,236.78,96
9.8998,99.009,5.0332,236.9,96
9.8998,99.009,5.0332,237.03,96
9.8998,99.009,5.0332,237.13,96
9.8998,99.009,5.0332,237.25,96
9.8998,99.009,5.0332,237.35,96
9.8998,99.009,5.0332,237.46,96
9.8998,99.009,5.0332,237.57,96
9.8998,99.009,5.0332,237.68,96
9.8998,99.009,5.0332,237.78,96
9.8998,99.009,5.0332,237.89,96
9.8998,99.009,5.0332,238,96
9.8998,99.009,5.0332,238.1,96
9.8998,99.009,5.0332,238.2,96
9.8998,99.009,5.0332,238.32,96
9.8998,99.009,5.0332,238.43,96
9.8998,99.009,5.0332,238.54,96
9.8998,99.009,5.0332,238.64,96
9.8999,99.009,5.0332,238.74,96
9.8999,99.009,5.0332,238.85,96
9.8999,99.009,5.0332,238.95,96
9.8999,99.009,5.0332,239.05,96
9.8999,99.009,5.0332,239.16,96
9.8999,99.009,5.0332,239.26,96
9.8999,99.009,5.0332,239.36,96
9.8999,99.01,5.0332,239.46,96
9.8999,99.01,5.0332,239.57,96
9.8999,99.01,5.0332,239.67,96
9.8999,99.01,5.0332,239.78,96
9.8999,99.01,5.0332,239.88,96
9.8999,99.01,5.0332,239.98,96
9.8999,99.01,5.0332,240.08,96
9.8999,99.01,5.0332,240.19,96
9.8999,99.01,5.0332,240.29,96
9.8999,99.01,5.0332,240.4,96
9.8999,99.01,5.0332,240.5,96
9.8999,99.01,5.0332,240.61,96
9.8999,99.01,5.0332,240.71,96
9.8999,99.01,5.0332,240.81,96
9.8999,99.01,5.0332,240.91,96
9.8999,99.01,5.0332,241.02,96
9.8999,99.01,5.0332,241.12,96
9.8999,99.01,5.0332,241.22,96
9.8999,99.01,5.0332,241.33,96
9.8999,99.01,5.0332,241.44,96
9.8999,99.01,5.0332,241.54,96
9.8999,99.01,5.0332,241.65,96
9.8999,99.01,5.0332,241.75,96
9.9,99.01,5.0332,241.86,96
9.9,99.01,5.0332,241.97,96
9.9,99.01,5.0332,242.07,96
9.9,99.01,5.0332,242.17,96
9.9,99.01,5.0332,242.28,96
9.9,99.01,5.0332,242.38,96
9.9,99.01,5.0332,242.48,96
9.9,99.011,5.0332,242.59,96
9.9,99.011,5.0332,242.69,96
9.9,99.011,5.0332,242.79,96
9.9,99.011,5.0332,242.9,96
9.9,99.011,5.0332,243.01,96
9.9,99.011,5.0332,243.12,96
9.9,99.011,5.0332,243.23,96
9.9,99.011,5.0332,243.34,96
9.9,99.011,5.0332,243.44,96
9.9,99.011,5.0332,243.56,96
9.9,99.011,5.0332,243.67,96
9.9,99.011,5.0332,243.78,96
9.9,99.011,5.0332,243.88,96
9.9,99.011,5.0332,243.99,96
9.9,99.011,5.0332,244.1,96
9.9,99.011,5.0332,244.23,96
9.9,99.011,5.0332,244.33,96
9.9,99.011,5.0332,244.44,96
9.9,99.011,5.0332,244.54,96
9.9,99.011,5.0332,244.65,96
9.9,99.011,5.0332,244.75,96
9.9,99.011,5.0332,244.86,96
9.9,99.011,5.0332,244.97,96
9.9001,99.011,5.0332,245.07,96
9.9001,99.011,5.0332,245.17,96
9.9001,99.011,5.0332,245.28,96
9.9001,99.011,5.0332,245.38,96
9.9001,99.011,5.0332,245.49,96
9.9001,99.011,5.0332,245.6,96
9.9001,99.012,5.0332,245.71,96
9.9001,99.012,5.0332,245.81,96
9.9001,99.012,5.0332,245.91,96
9.9001,99.012,5.0332,246.02,96
9.9001,99.012,5.0332,246.12,96
9.9001,99.012,5.0332,246.23,96
9.9001,99.012,5.0332,246.33,96
9.9001,99.012,5.0332,246.43,96
9.9001,99.012,5.0332,246.54,96
9.9001,99.012,5.0332,246.65,96
9.9001,99.012,5.0332,246.76,96
9.9001,99.012,5.0332,246.86,96
9.9001,99.012,5.0332,246.97,96
9.9001,99.012,5.0332,247.08,96
9.9001,99.012,5.0332,247.21,96
9.9001,99.012,5.0332,247.34,96
9.9001,99.012,5.0332,247.5,96
9.9001,99.012,5.0332,247.62,96
9.9001,99.012,5.0332,247.8,96
9.9001,99.012,5.0332,247.91,96
9.9001,99.012,5.0332,248.01,96
9.9001,99.012,5.0332,248.11,96
9.9002,99.012,5.0332,248.23,96
9.9002,99.012,5.0332,248.34,96
9.9002,99.012,5.0332,248.44,96
9.9002,99.012,5.0332,248.55,96
9.9002,99.012,5.0332,248.65,96
9.9002,99.012,5.0332,248.76,96
9.9002,99.013,5.0332,248.87,96
9.9002,99.013,5.0332,248.99,96
9.9002,99.013,5.0332,249.1,96
9.9002,99.013,5.0332,249.21,96
9.9002,99.013,5.0332,249.32,96
9.9002,99.013,5.0332,249.43,96
9.9002,99.013,5.0332,249.54,96
9.9002,99.013,5.0332,249.65,96
9.9002,99.013,5.0332,249.76,96
9.9002,99.013,5.0332,249.87,96
9.9002,99.013,5.0332,249.97,96
9.9002,99.013,5.0332,250.08,96
9.9002,99.013,5.0332,250.19,96
9.9002,99.013,5.0332,250.3,96
9.9002,99.013,5.0332,250.41,96
9.9002,99.013,5.0332,250.52,96
9.9002,99.013,5.0332,250.63,96
9.9002,99.013,5.0332,250.74,96
9.9002,99.013,5.0332,250.84,96
9.9002,99.013,5.0332,250.94,96
9.9002,99.013,5.0332,251.06,96
9.9002,99.013,5.0332,251.16,96
9.9003,99.013,5.0332,251.26,96
9.9003,99.013,5.0332,251.37,96
9.9003,99.013,5.0332,251.47,96
9.9003,99.013,5.0332,251.58,96
9.9003,99.013,5.0332,251.68,96
9.9003,99.013,5.0332,251.79,96
9.9003,99.013,5.0332,251.92,96
9.9003,99.014,5.0332,252.03,96
9.9003,99.014,5.0332,252.15,96
9.9003,99.014,5.0332,252.25,96
9.9003,99.014,5.0332,252.36,96
9.9003,99.014,5.0332,252.47,96
9.9003,99.014,5.0332,252.57,96
9.9003,99.014,5.0332,252.67,96
9.9003,99.014,5.0332,252.78,96
9.9003,99.014,5.0332,252.88,96
9.9003,99.014,5.0332,252.99,96
9.9003,99.014,5.0332,253.09,96
9.9003,99.014,5.0332,253.2,96
9.9003,99.014,5.0332,253.3,96
9.9003,99.014,5.0332,253.41,96
9.9003,99.014,5.0332,253.51,96
9.9003,99.014,5.0332,253.61,96
9.9003,99.014,5.0332,253.72,96
9.9003,99.014,5.0332,253.82,96
9.9003,99.014,5.0332,253.92,96
9.9003,99.014,5.0332,254.03,96
9.9003,99.014,5.0332,254.13,96
9.9003,99.014,5.0332,254.24,96
9.9004,99.014,5.0332,254.36,96
9.9004,99.014,5.0332,254.47,96
9.9004,99.014,5.0332,254.58,96
9.9004,99.014,5.0332,254.69,96
9.9004,99.014,5.0332,254.8,96
9.9004,99.014,5.0332,254.91,96
9.9004,99.014,5.0332,255.01,96
9.9004,99.015,5.0332,255.11,96
9.9004,99.015,5.0332,255.22,96
9.9004,99.015,5.0332,255.32,96
9.9004,99.015,5.0332,255.43,96
9.9004,99.015,5.0332,255.53,96
9.9004,99.015,5.0332,255.64,96
9.9004,99.015,5.0332,255.74,96
9.9004,99.015,5.0332,255.85,96
9.9004,99.015,5.0332,255.95,96
9.9004,99.015,5.0332,256.05,96
9.9004,99.015,5.0332,256.16,96
9.9004,99.015,5.0332,256.26,96
9.9004,99.015,5.0332,256.36,96
9.9004,99.015,5.0332,256.47,96
9.9004,99.015,5.0332,256.57,96
9.9004,99.015,5.0332,256.67,96
9.9004,99.015,5.0332,256.77,96
9.9004,99.015,5.0332,256.88,96
9.9004,99.015,5.0332,256.99,96
9.9004,99.015,5.0332,257.09,96
9.9004,99.015,5.0332,257.19,96
9.9004,99.015,5.0332,257.3,96
9.9004,99.015,5.0332,257.4,96
9.9005,99.015,5.0332,257.51,96
9.9005,99.015,5.0332,257.61,96
9.9005,99.015,5.0332,257.71,96
9.9005,99.015,5.0332,257.82,96
9.9005,99.015,5.0332,257.93,96
9.9005,99.015,5.0332,258.03,96
9.9005,99.015,5.0332,258.14,96
9.9005,99.016,5.0332,258.24,96
9.9005,99.016,5.0332,258.35,96
9.9005,99.016,5.0332,258.45,96
9.9005,99.016,5.0332,258.56,96
9.9005,99.016,5.0332,258.66,96
9.9005,99.016,5.0332,258.76,96
9.9005,99.016,5.0332,258.86,96
9.9005,99.016,5.0332,258.97,96
9.9005,99.016,5.0332,259.09,96
9.9005,99.016,5.0332,259.19,96
9.9005,99.016,5.0332,259.3,96
9.9005,99.016,5.0332,259.4,96
9.9005,99.016,5.0332,259.51,96
9.9005,99.016,5.0332,259.62,96
9.9005,99.016,5.0332,259.83,96
9.9005,99.016,5.0332,259.97,96
9.9005,99.016,5.0332,260.1,96
9.9005,99.016,5.0332,260.34,96
9.9005,99.016,5.0332,260.45,96
9.9006,99.016,5.0332,260.55,96
9.9006,99.016,5.0332,260.66,96
9.9006,99.016,5.0332,260.76,96
9.9006,99.016,5.0332,260.87,96
9.9006,99.016,5.0332,260.97,96
9.9006,99.016,5.0332,261.09,96
9.9006,99.016,5.0332,261.19,96
9.9006,99.016,5.0332,261.3,96
9.9006,99.017,5.0332,261.4,96
9.9006,99.017,5.0332,261.51,96
9.9006,99.017,5.0332,261.61,96
9.9006,99.017,5.0332,261.72,96
9.9006,99.017,5.0332,261.82,96
9.9006,99.017,5.0332,261.92,96
9.9006,99.017,5.0332,262.03,96
9.9006,99.017,5.0332,262.13,96
9.9006,99.017,5.0332,262.24,96
9.9006,99.017,5.0332,262.35,96
9.9006,99.017,5.0332,262.46,96
9.9006,99.017,5.0332,262.57,96
9.9006,99.017,5.0332,262.67,96
9.9006,99.017,5.0332,262.78,96
9.9006,99.017,5.0332,262.88,96
9.9006,99.017,5.0332,262.99,96
9.9006,99.017,5.0332,263.09,96
9.9006,99.017,5.0332,263.19,96
9.9006,99.017,5.0332,263.3,96
9.9006,99.017,5.0332,263.4,96
9.9006,99.017,5.0332,263.51,96
9.9007,99.017,5.0332,263.61,96
9.9007,99.017,5.0332,263.71,96
9.9007,99.017,5.0332,263.81,96
9.9007,99.017,5.0332,263.92,96
9.9007,99.017,5.0332,264.02,96
9.9007,99.017,5.0332,264.13,96
9.9007,99.017,5.0332,264.23,96
9.9007,99.017,5.0332,264.34,96
9.9007,99.018,5.0332,264.45,96
9.9007,99.018,5.0332,264.55,96
9.9007,99.018,5.0332,264.66,96
9.9007,99.018,5.0332,264.78,96
9.9007,99.018,5.0332,264.88,96
9.9007,99.018,5.0332,264.99,96
9.9007,99.018,5.0332,265.09,96
9.9007,99.018,5.0332,265.2,96
9.9007,99.018,5.0332,265.3,96
9.9007,99.018,5.0332,265.41,96
9.9007,99.018,5.0332,265.52,96
9.9007,99.018,5.0332,265.62,96
9.9007,99.018,5.0332,265.73,96
9.9007,99.018,5.0332,265.83,96
9.9007,99.018,5.0332,265.93,96
9.9007,99.018,5.0332,266.04,96
9.9007,99.018,5.0332,266.15,96
9.9007,99.018,5.0332,266.26,96
9.9007,99.018,5.0332,266.37,96
9.9007,99.018,5.0332,266.47,96
9.9008,99.018,5.0332,266.59,96
9.9008,99.018,5.0332,266.7,96
9.9008,99.018,5.0332,266.81,96
9.9008,99.018,5.0332,266.91,96
9.9008,99.018,5.0332,267.01,96
9.9008,99.018,5.0332,267.12,96
9.9008,99.018,5.0332,267.22,96
9.9008,99.018,5.0332,267.32,96
9.9008,99.018,5.0332,267.43,96
9.9008,99.019,5.0332,267.53,96
9.9008,99.019,5.0332,267.64,96
9.9008,99.019,5.0332,267.74,96
9.9008,99.019,5.0332,267.84,96
9.9008,99.019,5.0332,267.95,96
9.9008,99.019,5.0332,268.05,96
9.9008,99.019,5.0332,268.15,96
9.9008,99.019,5.0332,268.26,96
9.9008,99.019,5.0332,268.36,96
9.9008,99.019,5.0332,268.47,96
9.9008,99.019,5.0332,268.57,96
9.9008,99.019,5.0332,268.68,96
9.9008,99.019,5.0332,268.78,96
9.9008,99.019,5.0332,268.88,96
9.9008,99.019,5.0332,268.99,96
9.9008,99.019,5.0332,269.1,96
9.9008,99.019,5.0332,269.21,96
9.9008,99.019,5.0332,269.32,96
9.9008,99.019,5.0332,269.43,96
9.9008,99.019,5.0332,269.54,96
9.9009,99.019,5.0332,269.65,96
9.9009,99.019,5.0332,269.75,96
9.9009,99.019,5.0332,269.86,96
9.9009,99.019,5.0332,269.97,96
9.9009,99.019,5.0332,270.07,96
9.9009,99.019,5.0332,270.18,96
9.9009,99.019,5.0332,270.28,96
9.9009,99.019,5.0332,270.39,96
9.9009,99.019,5.0332,270.5,96
9.9009,99.02,5.0332,270.6,96
9.9009,99.02,5.0332,270.7,96
9.9009,99.02,5.0332,270.83,96
9.9009,99.02,5.0332,270.93,96
9.9009,99.02,5.0332,271.04,96
9.9009,99.02,5.0332,271.14,96
9.9009,99.02,5.0332,271.25,96
9.9009,99.02,5.0332,271.36,96
9.9009,99.02,5.0332,271.48,96
9.9009,99.02,5.0332,271.58,96
9.9009,99.02,5.0332,271.69,96
9.9009,99.02,5.0332,271.79,96
9.9009,99.02,5.0332,271.89,96
9.9009,99.02,5.0332,272.01,96
9.9009,99.02,5.0332,272.12,96
9.9009,99.02,5.0332,272.25,96
9.9009,99.02,5.0332,272.35,96
9.9009,99.02,5.0332,272.46,96
9.9009,99.02,5.0332,272.58,96
9.901,99.02,5.0332,272.69,96
9.901,99.02,5.0332,272.8,96
9.901,99.02,5.0332,272.9,96
9.901,99.02,5.0332,273.05,96
9.901,99.02,5.0332,273.16,96
9.901,99.02,5.0332,273.29,96
9.901,99.02,5.0332,273.4,96
9.901,99.02,5.0332,273.5,96
9.901,99.021,5.0332,273.62,96
9.901,99.021,5.0332,273.73,96
9.901,99.021,5.0332,273.83,96
9.901,99.021,5.0332,273.94,96
9.901,99.021,5.0332,274.05,96
9.901,99.021,5.0331,274.15,96
9.901,99.021,5.0331,274.27,96
9.901,99.021,5.0331,274.37,96
9.901,99.021,5.0331,274.5,96
9.901,99.021,5.0331,274.63,96
9.901,99.021,5.0331,274.73,96
9.901,99.021,5.0331,274.84,96
9.901,99.021,5.0331,274.94,96
9.901,99.021,5.0331,275.05,96
9.901,99.021,5.0331,275.15,96
9.901,99.021,5.0331,275.26,96
9.901,99.021,5.0331,275.36,96
9.901,99.021,5.0331,275.47,96
9.901,99.021,5.0331,275.58,96
9.9011,99.021,5.0331,275.7,96
9.9011,99.021,5.0331,275.8,96
9.9011,99.021,5.0331,275.91,96
9.9011,99.021,5.0331,276.01,96
9.9011,99.021,5.0331,276.12,96
9.9011,99.021,5.0331,276.22,96
9.9011,99.021,5.0331,276.34,96
9.9011,99.021,5.0331,276.45,96
9.9011,99.021,5.0331,276.56,96
9.9011,99.021,5.0331,276.66,96
9.9011,99.022,5.0331,276.77,96
9.9011,99.022,5.0331,276.88,96
9.9011,99.022,5.0331,277,96
9.9011,99.022,5.0331,277.11,96
9.9011,99.022,5.0331,277.23,96
9.9011,99.022,5.0331,277.34,96
9.9011,99.022,5.0331,277.44,96
9.9011,99.022,5.0331,277.56,96
9.9011,99.022,5.0331,277.67,96
9.9011,99.022,5.0331,277.77,96
9.9011,99.022,5.0331,277.88,96
9.9011,99.022,5.0331,277.98,96
9.9011,99.022,5.0331,278.16,96
9.9011,99.022,5.0331,278.26,96
9.9011,99.022,5.0331,278.37,96
9.9011,99.022,5.0331,278.47,96
9.9011,99.022,5.0331,278.58,96
9.9011,99.022,5.0331,278.68,96
9.9012,99.022,5.0331,278.87,96
9.9012,99.022,5.0331,278.99,96
9.9012,99.022,5.0331,279.1,96
9.9012,99.022,5.0331,279.21,96
9.9012,99.022,5.0331,279.33,96
9.9012,99.022,5.0331,279.43,96
9.9012,99.022,5.0331,279.54,96
9.9012,99.022,5.0331,279.64,96
9.9012,99.023,5.0331,279.76,96
9.9012,99.023,5.0331,279.88,96
9.9012,99.023,5.0331,279.98,96
9.9012,99.023,5.0331,280.1,96
9.9012,99.023,5.0331,280.2,96
9.9012,99.023,5.0331,280.32,96
9.9012,99.023,5.0331,280.42,96
9.9012,99.023,5.0331,280.53,96
9.9012,99.023,5.0331,280.63,96
9.9012,99.023,5.0331,280.73,96
9.9012,99.023,5.0331,280.84,96
9.9012,99.023,5.0331,280.94,96
9.9012,99.023,5.0331,281.04,96
9.9012,99.023,5.0331,281.15,96
9.9012,99.023,5.0331,281.25,96
9.9012,99.023,5.0331,281.36,96
9.9012,99.023,5.0331,281.46,96
9.9012,99.023,5.0331,281.57,96
9.9012,99.023,5.0331,281.67,96
9.9013,99.023,5.0331,281.77,96
9.9013,99.023,5.0331,281.87,96
9.9013,99.023,5.0331,281.98,96
9.9013,99.023,5.0331,282.09,96
9.9013,99.023,5.0331,282.2,96
9.9013,99.023,5.0331,282.31,96
9.9013,99.023,5.0331,282.42,96
9.9013,99.023,5.0331,282.52,96
9.9013,99.023,5.0331,282.63,96
9.9013,99.024,5.0331,282.74,96
9.9013,99.024,5.0331,282.85,96
9.9013,99.024,5.0331,282.96,96
9.9013,99.024,5.0331,283.06,96
9.9013,99.024,5.0331,283.17,96
9.9013,99.024,5.0331,283.27,96
9.9013,99.024,5.0331,283.38,96
9.9013,99.024,5.0331,283.49,96
9.9013,99.024,5.0331,283.6,96
9.9013,99.024,5.0331,283.71,96
9.9013,99.024,5.0331,283.81,96
9.9013,99.024,5.0331,283.91,96
9.9013,99.024,5.0331,284.02,96
9.9013,99.024,5.0331,284.12,96
9.9013,99.024,5.0331,284.22,96
9.9013,99.024,5.0331,284.33,96
9.9013,99.024,5.0331,284.44,96
9.9013,99.024,5.0331,284.55,96
9.9014,99.024,5.0331,284.65,96
9.9014,99.024,5.0331,284.76,96
9.9014,99.024,5.0331,284.86,96
9.9014,99.024,5.0331,284.96,96
9.9014,99.024,5.0331,285.07,96
9.9014,99.024,5.0331,285.17,96
9.9014,99.024,5.0331,285.28,96
9.9014,99.024,5.0331,285.38,96
9.9014,99.024,5.0331,285.49,96
9.9014,99.024,5.0331,285.6,96
9.9014,99.024,5.0331,285.7,96
9.9014,99.025,5.0331,285.8,96
9.9014,99.025,5.0331,285.91,96
9.9014,99.025,5.0331,286.01,96
9.9014,99.025,5.0331,286.11,96
9.9014,99.025,5.0331,286.21,96
9.9014,99.025,5.0331,286.32,96
9.9014,99.025,5.0331,286.42,96
9.9014,99.025,5.0331,286.52,96
9.9014,99.025,5.0331,286.62,96
9.9014,99.025,5.0331,286.73,96
9.9014,99.025,5.0331,286.83,96
9.9014,99.025,5.0331,286.93,96
9.9014,99.025,5.0331,287.03,96
9.9014,99.025,5.0331,287.14,96
9.9014,99.025,5.0331,287.24,96
9.9014,99.025,5.0331,287.34,96
9.9014,99.025,5.0331,287.45,96
9.9014,99.025,5.0331,287.55,96
